Posizione,Interprete,Canzone,anno,Autori,Top_5
1,Nicola Di Bari,I giorni dell'arcobaleno,1972,"M. Scommegna, D. Masini, P. Pintucci",Si
2,Peppino Gagliardi,Come le viole,1972,P. Gagliardi e G. Amendola,Si
3,Nada,Il re di denari,1972,C. Mattone e F. Migliacci,Si
4,Gianni Morandi,Vado a lavorare,1972,"F. Migliacci, Petaluma, M. Marrocchi e V. Tariciotti",Si
5,Gianni Nazzaro,Non voglio innamorarmi mai,1972,M. Signorini e G. Bigazzi,Si
6,Delirium,Jesahel,1972,O. Prudente e I. Fossati,No
7,Marcella Bella,Montagne verdi,1972,G. Bigazzi e G. Bella,No
8,Lucio Dalla,Piazza Grande,1972,"L. Dalla, R. Cellamare, G. Baldazzi e S. Bardotti",No
9,Gigliola Cinquetti,Gira l'amore (Caro bebè),1972,M. Panzeri e D. Pace,No
10,Donatello,Ti voglio,1972,R. Sanna e D.L. Pieretti,No
11,Ricchi e Poveri,Un diadema di ciliegie,1972,R. Bertola,No
12,Milva,Mediterraneo,1972,L. Albertelli e E. Riccardi,No
13,Lara Saint Paul,Se non fosse fra queste mie braccia lo inventerei,1972,E. Suligoj e L. Beretta,No
14,Domenico Modugno,Un calcio alla città,1972,"D. Modugno, M. Castellacci e R. Pazzaglia",No
,Rita Pavone,Amici mai,1972,Caviri e M. Cantini,No
,Pino Donaggio,Ci sono giorni,1972,V. Pallavicini e P. Donaggio,No
,Aguaviva,Ciao amico ciao,1972,M. Remigi e C. Minellono,No
,Anna Identici,Era bello il mio ragazzo,1972,G. Guarnieri e P. P. Preti,No
,Michele,Forestiero,1972,"S. Scandolara, S. Bardotti, C. Castellari e C. Castellari",No
,Carla Bissi,Il mio cuore se ne va,1972,M. Remigi e Spiker,No
,Fausto Leali,L'uomo e il cane,1972,F. Leali e M. Cantù,No
,Marisa Sacchetto,La foresta selvaggia,1972,P. Limiti e C. Cavallaro,No
,Delia,Per amore ricomincerei,1972,"M. Terzi, A. Salerno e C. Dammicco",No
,Angelica,Portami via,1972,M. Mellier e L. Medini,No
,Tony Cucchiara,Preghiera,1972,T. Cucchiara,No
,Bobby Solo,Rimpianto,1972,E. Riccardi e L. Albertelli,No
,Roberto Carlos,Un gatto nel blu,1972,"G. Savio, G. Bigazzi",No
,I Nuovi Angeli,Un viaggio in Inghilterra,1972,"R. Sanna, D.L. Pieretti",No
1,Peppino Di Capri,Un grande amore e niente più,1973,"F. Califano, G. Wright, G. Faiella, C. Mattone",Si
2,Peppino Gagliardi,Come un ragazzino,1973,"G. Amendola, P. Gagliardi",Si
3,Milva,Da troppo tempo,1973,"L. Albertelli, G. Colonnello",Si
4,Ricchi e Poveri,Dolce frutto,1973,C. Minellono e U. Balsamo,Si
5,Gilda Giuliani,Serena,1973,V. Pallavicini e G. Mescoli,Si
6,Wess e Dori Ghezzi,Tu nella mia vita,1973,"Lubiak, F. Monti Arduini",No
7,Roberto Vecchioni,L'uomo che si gioca il cielo a dadi,1973,R. Vecchioni,No
8,Fausto Leali,La bandiera di sole,1973,V. Pallavicini e F. Leali,No
9,Umberto Balsamo,Amore mio,1973,"C. Minellono, U. Balsamo",No
10,Anna Identici,Mi son chiesta tante volte,1973,P. P. Preti e G. Guarneri,No
11,Camaleonti,Come sei bella,1973,G. Bigazzi e C. Cavallaro,No
12,Donatello,Tu giovane amore mio,1973,"G. Pieretti, F. Monachesi, R. Gianco e A. Nicorelli",No
13,Memo Remigi,Il mondo è qui,1973,M. Remigi,No
14,Alessandro,Tre minuti di ricordi,1973,M. Del Prete e A. Pintus,No
15,Lionello,Straniera straniera,1973,F. Specchia e F. Chiaravalle,No
16,Lara Saint Paul,Una casa grande,1973,"A. Lo Vecchio, N. Aprile e N. Villa",No
,Mocedades,Addio amor,1973,"M. Gallerani, G. Bosisio e M. Nobile",No
,Pop Tops,Angeline,1973,R. Nisi Marsella e C. Daiano,No
,Jet,Anika na-o,1973,F. Piccarreda e P. Cochis e P. Cassano,No
,Bassano,Cara amica,1973,F. Specchia P. Prencipe e V. Caruso,No
,Carmen Amato,Dove andrai,1973,D. Mariano,No
,Sergio Endrigo,Elisa Elisa,1973,S. Bardotti e S. Endrigo,No
,Lolita,Innamorata io?,1973,A. Celentano e F. Chiaravalle,No
,Gigliola Cinquetti,Mistero,1973,C. Mattone,No
,Christian De Sica,Mondo mio,1973,P. Conte e G. Conte,No
,Alberto Feri,Ogni volta che mi pare,1973,F. Evangelisti e P. Pintucci,No
,Junior Magli,Povero,1973,L. Medini e M. Mellier,No
,Le Figlie del Vento,Sugli sugli bane bane,1973,"F. Chiaravalle, P. Tomelleri e A. M. Piccioli",No
,Drupi,Vado via,1973,E. Riccardi e L. Albertelli,No
,Toni Santagata,Via Garibaldi,1973,T. Santagata,No
1,Iva Zanicchi,Ciao cara come stai?,1974,"C. Malgioglio, C. Daiano, Dinaro e I. Ianne",Si
2,Domenico Modugno,Questa è la mia vita,1974,"L. Beretta, D. Modugno e E. Suligoj",Si
3,Orietta Berti,Occhi rossi,1974,"D. Pace, C. Conti, L. Pilat e M. Panzeri",Si
,Anna Melato,Sta piovendo dolcemente,1974,M. Piccoli e P. Donaggio,No
,Emanuela Cortesi,Il mio volo bianco,1974,"C. Daiano, F. Zanon e I. Ianne",No
,Gilda Giuliani,Senza titolo,1974,"V. Pallavicini, A. Ferrari e G. Mescoli",No
,I Domodossola,Se hai paura,1974,"R. Soffici, M. Guantini e L. Albertelli",No
,Les Charlots,Mon ami Tango,1974,"D. Pace, C. Conti, L. Pilat e M. Panzeri",No
,Valentina Greco,Notte dell'estate,1974,"A. Mammoliti, A. Buonocore e C. Celli",No
,Nicola Di Bari,Il matto del villaggio,1974,"F. Migliacci, C. Mattone e P. Pintucci",No
,Mouth & MacNeal,Ah! L'amore,1974,"E. Lombardo, C. Sebastianelli e E. Capelli",No
,Gianni Nazzaro,A modo mio,1974,C. Baglioni e A. Coggio,No
,Al Bano,In controluce,1974,A. Carrisi e P. Limiti,No
,Mino Reitano,Innamorati,1974,"L. Beretta, F. Reitano e M. Reitano",No
,Rosanna Fratello,Un po' di coraggio,1974,G. Pieretti e A. R. Mancino,No
,Little Tony,Cavalli bianchi,1974,"Miro, Giulifan e B. Casu",No
,Milva,Monica delle bambole,1974,L. Beretta e E. Suligoj,No
,Middle of the Road,Sole giallo,1974,M. Piccoli e P. Donaggio,No
,Kambiz,Canta con me,1974,E. Riccardi e L. Albertelli,No
,Donatella Rettore,Capelli sciolti,1974,D. Rettore e M. Pagano,No
,Riccardo Fogli,Complici,1974,L. Lopez e C. Vistarini,No
,Franco Simone,Fiume grande,1974,F. Simone,No
,Orchestra Spettacolo Casadei,La canta,1974,"R. Casadei, E. Muccioli e A. Pedulli",No
,Paola Musiani,La donna quando pensa,1974,M. Galati e E. Capelli,No
,Antonella Bottazzi,Per una donna donna,1974,A. Bottazzi,No
,Rossella,Qui,1974,"P. A. Cassella, R. Cocciante e M. Luberti",No
,Sonia Gigliola Conti,Ricomincerei,1974,P. Soffici e G. Pieretti,No
,Piero Focaccia,Valentin tango,1974,L. Beretta e E. Capotosti,No
1,Gilda,Ragazza del sud,1975,R. Scalabrino,Si
2,Angela Luce,Ipocrisia,1975,P. Giordano e E. Alfieri,Si
2,Rosanna Fratello,Va' speranza va',1975,G. Taddei e F. Graniero,Si
4,Valentina Greco,Un grande addio,1975,"G. Puzzo, B. Moglia, P. Limiti, E. Capotosti e M. C. Lacamera",Si
5,Laura,E poi e poi,1975,N. La Mantia,Si
6,Franco e le Piccole Donne,Come Humphrey Bogart,1975,L. Raggi e B. Pallini,No
,Le Nuove Erbe,Topolino piccolo,1975,F. Specchia e P. Prencipe,No
,Nico dei Gabbiani,Io credo (Ci son cose più grandi di te),1975,Cadam e F. Turnaturi,No
,Eugenio Alberti,Decidi tu per me,1975,"P. Montanaro, E. Ronda, A. Gallo e M. Mellier",No
,Gianni Migliardi,Sei stata tu,1975,"S. Piccioli, A. Valleroni e F. Tessandori",No
,Piero Cotto,Il telegramma,1975,V. Pallavicini e G. Donaggio,No
,Stefania,L'incertezza di una vita,1975,"F. Specchia, P. Prencipe e S. Sciannamea",No
,Emy Cesaroni,1975… amore mio,1975,F. Specchia e P. Prencipe,No
,Gabriella Sanna,Adesso basti tu,1975,G. Meccia e B. Zambrini,No
,Daniela,Dolce abitudine,1975,"P. Montanaro, E. Ronda, G. Rigo e A. Mammoliti",No
,Eva 2000,In amore non si può mentire,1975,L. Capello e M. Cenci,No
,Jean-François Michael,Innamorarsi,1975,"D. Sarti, A. De Lorenzo, A. Olivares e B. Stecca",No
,Annagloria,La paura di morire,1975,"G. Calabrese, E. Ballotta e P. Calvi",No
,Antonella Bellan,Lettera,1975,"R. Scala, L. Medini, P. B. Greco e M. Mellier",No
,Lorenzo Pilat,Madonna d'amore,1975,L. Pilat,No
,G.Men,Oggi,1975,T. Cavalli,No
,Kriss and Saratoga,Piccola bambina cara,1975,"F. Specchia, P. Prencipe e S. Sciannamea",No
,La Quinta Faccia,Quattro stagioni,1975,I. Pelosi e V. Caruso,No
,Paola Folzini,Il ragioniere,1975,"C. Celli, A. Buonocore e A. Mammoliti",No
,Goffredo Canarini,Scarafaggi,1975,G. Canarini,No
,Paola Musiani,Se nasco un'altra volta,1975,A. Testa e P. Donaggio,No
,Le Volpi Blu,Senza impegno,1975,"M. Motta, S. Bordoni, F. Delfino e G. Damele",No
,Leila Selli,Sola in due,1975,"M. Francesio, G. Canarini e N. Roccabruna",No
,Nannarella,Sotto le stelle,1975,R. Balzani,No
,Ely Neri e la sua orchestra,Tango di casa mia,1975,E. Neri,No
1,Peppino Di Capri,Non lo faccio più,1976,"Depsa, S. Iodice e F. Berlincioni",Si
2,Wess e Dori Ghezzi,"Come stai, con chi sei",1976,"C. Minellono, F. Piccarreda e U. Balsamo",Si
,Sandro Giacobbe,Gli occhi di tua madre,1976,"S. Giacobbe, D. Pace e O. Avogadro",No
,Albatros,Volo AZ 504,1976,V. Pallavicini e T. Cutugno,No
5,Paolo Frescura,Due anelli,1976,A. De Sanctis e P. Frescura,Si
6,Drupi,Sambariò,1976,L. Albertelli e E. Riccardi,No
7,Carlo Gigli,Più forte,1976,Schiava e C. Gigli,No
8,Daniel Sentacruz Ensemble,Linda bella Linda,1976,"C. Dammicco, Querencio, Sentacruz e F. Specchia",No
9,Gli Opera,L'ho persa ancora,1976,"F. Ricciardi, O. Avogadro e D. Pace",No
10,Camaleonti,Cuore di vetro,1976,G. Bigazzi e T. Savio,No
11,Orietta Berti,Omar,1976,M. Battaini e L. Beretta,No
12,La Strana Società,Andiamo via,1976,"C. Conti, F. Cassano e L. Albertelli",No
13,Ricchi e Poveri con I Nostri Figli,Due storie dei musicanti,1976,L. Bacalov e S. Bardotti,No
14,Patrizio Sandrelli,Piccola donna addio,1976,V. Stavolo e F. Zulian,No
,Sergio Endrigo,Quando c'era il mare,1976,S. Endrigo,No
,Miko,Signora tu,1976,G. Pegoraro e P. M. Bozzetti,No
17,Profeti,Cercati un'anima,1976,"D. Ciletti, C. Cavallaro, D. Pace e O. Avogadro",No
18,La Nuova Gente,Che sarei,1976,P. Landro e E. Cardullo,No
,Santino Rocchetti,E tu mi manchi,1976,S. Luca e A. Lo Vecchio,No
,Rosanna Fratello,Il mio primo rossetto,1976,U. Napolitano e A. Salerno,No
,Gloriana,La canzone dei poveri,1976,A. Gallo e Mallozzi,No
,Antonio Buonomo,La femminista,1976,L. Chiosso e E. Alfieri,No
,Leano Morelli,Nata libera,1976,E. Crippa e L. Morelli,No
,Romina Power,Non due,1976,R. Power e A. Carrisi,No
,Maggie Mae,Sing My Song,1976,C. De Natale e Darini,No
,Armonium,Stella cadente,1976,V. Stavolo e F. Zulian,No
,Vanna Leali,Torno a casa,1976,E. Suligoj e P. Limiti,No
,Umberto Lupi,Una casa senza nome,1976,"L. Pilat, M. Panzeri e D. Pace",No
,Ezio Maria Picciotta,Uomo qualunque,1976,"E. M. Picciotta, F. Migliacci e D. Farina",No
,Silvano Vittorio,Vieni,1976,A. Lo Vecchio e S. Vittorio,No
1,Homo Sapiens,Bella da morire,1977,R. Pareti e A. Salerno,Si
2,Collage,Tu mi rubi l'anima,1977,G. Padovan e A. De Sanctis,Si
3,I Santo California,Monica,1977,"P. Pinna, G. Simonelli e E. Palumbo",Si
,Umberto Napolitano,Con te ci sto,1977,U. Napolitano,No
,Santino Rocchetti,Dedicato a te,1977,S. Rocchetti e A. Lo Vecchio,No
,Daniela Davoli,E invece con te,1977,D. Davoli e M. Zarrillo,No
,Albatros,Gran Premio,1977,"M. Vasseur, V. Pallavicini e T. Cutugno",No
,Leano Morelli,Io ti porterei,1977,L. Morelli,No
,Matia Bazar,Ma perché,1977,"C. Marrale, P. Cassano e A. Stellita",No
,Il Giardino dei Semplici,Miele,1977,G. Bigazzi e T. Savio,No
,Donatella Rettore,Carmela,1977,D. Rettore e C. Rego,No
,La Strana Società,Tesoro mio,1977,"L. Albertelli, C. Conti e F. Cassano",No
1,Matia Bazar,...e dirsi ciao,1978,"G. Golzi, A. Stellita, P. Cassano, C. Marrale e A. Ruggiero",Si
2,Anna Oxa,Un'emozione da poco,1978,I. Fossati e G. Guglielminetti,Si
3,Rino Gaetano,Gianna,1978,R. Gaetano,Si
4,Ciro Sebastianelli,Il buio e tu,1978,"C. Sebastianelli, D. Pace e O. Avogadro",Si
5,Anselmo Genovese,Tu sola,1978,A. Genovese e L. Capello,Si
6,Santino Rocchetti,Armonia e poesia,1978,S. Rocchetti e A. Lo Vecchio,No
7,Schola Cantorum,Il mio amore,1978,M. Luberti e E. Fusco,No
8,Laura Luca,Domani domani,1978,G. Pieretti e A. Nicorelli,No
9,Daniel Sentacruz Ensemble,1/2 notte,1978,"Zacar, S. Grieco, C. Dammicco e Sentacruz",No
,Donato Ciletti,Anna Anna,1978,"D. Pace, O. Avogadro, D. Ciletti e C. Cavallaro",No
,Roberto Carrino,N 'addore 'e castagne,1978,R. Carrino e M. Coppola,No
,Dora Moroni,Ora,1978,"F. Marino, E. Intra, C. Rego e D. Rettore",No
,Marco Ferradini,Quando Teresa verrà,1978,S. Luca e M. Ferradini,No
,Beans,Soli,1978,A. Bella e G. Bella,No
1,Mino Vergnaghi,Amare,1979,P. Finà e S. Ortone,Si
2,Enzo Carella,Barbara,1979,E. Carella e P. Panella,Si
3,I Camaleonti,Quell'attimo in più,1979,"M. Lavezzi, O. Avogadro e D. Pace",Si
4,Collage,La gente parla,1979,"A. De Sanctis, S. Di Nardo e M. Marrocchi",Si
5,Enrico Beruschi,Sarà un fiore,1979,"D. Pace, C. Conti e M. Panzeri",Si
6,Franco Fanigliulo,A me mi piace vivere alla grande,1979,"O. Avogadro, R. Borghetti, F. Fanigliulo e D. Pace",No
7,Lorella Pescerelli,New York,1979,F. Migliacci e F. Paulin,No
8,Kim & The Cadillacs,C'era un'atmosfera,1979,A. Stellita e P. Cassano,No
9,Umberto Napolitano,Bimba mia,1979,U. Napolitano,No
10,Pandemonium,Tu fai schifo sempre,1979,"A. Giordano, M. Paulicelli e G. Mauro",No
11,Antoine,Nocciolino,1979,M. Piccoli,No
12,Grimm,Liana,1979,L. Lazzarini,No
,Marinella,Autunno cadono le pagine gialle,1979,R. Ferri e G. Trombetti,No
,Ayx,Ayx Disco,1979,R. Galardini,No
,Ciro Sebastianelli,Ciao Barbarella,1979,"C. Sebastianelli, D. Pace e O. Avogadro",No
,Nicoletta Bauce,Grande mago,1979,N. Bauce e R. Colombo,No
,Gli Opera,Il diario dei segreti,1979,C. Daiano e G. Adorno,No
,Il Était une Fois,Impazzirò,1979,P. Civello e Basilivan,No
,Michele Vicino,In due,1979,G. Belfiore e M. Vicino,No
,Roberta,"Il sole, la pioggia",1979,D. Pace e C. Conti,No
,Massimo Abbate,Napule cagnarrà,1979,W. Montanelli,No
,Gianni Mocchetti,Talismano nero,1979,Manipoli e G. Mocchetti,No
1,Toto Cutugno,Solo noi,1980,S. Cutugno,Si
2,Enzo Malepasso,Ti voglio bene,1980,Depsa e E. Malepasso,Si
3,Pupo,Su di noi,1980,"P. Barabani, D. Milani e E. Ghinazzi",Si
,Gianni Morandi,Mariù,1980,R. Cellamare e F. De Gregori,No
,La Bottega dell'Arte,Più di una canzone,1980,P. Calabrese e R. Musumarra,No
,Sally Oldfield,I Sing for You,1980,A. Salerno e M. Fabrizio,No
,Stefano Rosso,L'italiano,1980,S. Rosso,No
,Leroy Gomez,Tu mi manchi dentro,1980,C. Minellono e R. Brioschi,No
,Paolo Riviera,Cavallo bianco,1980,V. Magelli e R. Aglietti,No
,Bobby Solo,Gelosia,1980,D. Ciotti e R. Satti,No
,Decibel,Contessa,1980,F. Muzio e E. Ruggeri,No
,Francesco Magni,Voglio l'erba voglio,1980,F. Magni,No
,Aldo Donati,Canterò canterò canterò,1980,A. Donati,No
,Giorgio Zito e i Diesel,Ma vai vai,1980,G. Bennato,No
,Linda Lee,Va' pensiero,1980,P. Caruso,No
,Bruno D'Andrea,Mara,1980,L. Albertelli e B. Tavernese,No
,Leano Morelli,Musica regina,1980,L. Morelli,No
,Orlando Johnson,Il sole canta,1980,G. Ullu,No
,Alberto Cheli,Passerà,1980,A. Coggio e M. Luberti,No
,Peppino di Capri,Tu cioè...,1980,Depsa e G. Faiella,No
,Omelet,Amor mio... sono me!,1980,P. Scarpettini e A. Piccareta,No
,Rimmel,Angelo di seta,1980,"G. Dell'Orso, R. Guide e C. Colitti",No
,Henry Freis,Dal metrò a New York,1980,S. Giacobbe,No
,Mela Lo Cicero,Dammi le mani,1980,F. Chiaravalle,No
,Gianfranco De Angelis,E pensare che una volta... non era così!,1980,S. Spassiano e P. Cassella,No
,Alberto Beltrami,Non ti drogare,1980,A. Beltrami,No
,Latte e Miele,Ritagli di luce,1980,L. Poltini e L. Albertelli,No
,Armonium,Ti desidero,1980,"C. Scotti Galletta, P. Barabani e F. Zulian",No
,Luca Cola,Tu che fai la moglie,1980,"L. Cola, E. Intra e Rigaldi",No
,Coscarella e Polimeno,Tu sei la mia musica,1980,"A. Coscarella, D. Polimeno e A. Cogliati",No
1,Alice,Per Elisa,1981,"C. Bissi, F. Battiato e G. Pio",Si
2,Loretta Goggi,Maledetta primavera,1981,P. A. Cassella e T. Savio,Si
3,Dario Baldan Bembo,Tu cosa fai stasera?,1981,P. A. Cassella e D. Baldan Bembo,Si
4,Luca Barbarossa,Roma spogliata,1981,L. Barbarossa,Si
5,Ricchi e Poveri,Sarà perché ti amo,1981,"E. Ghinazzi, D. Pace e D. Farina",Si
6,Paolo Barabani,Hop hop somarello,1981,"P. Barabani, E. Ghinazzi e G. P. Reverberi",No
7,Marinella,Ma chi te lo fa fare,1981,V. Pallavicini e G. P. Felisatti,No
8,Michele Zarrillo,Su quel pianeta libero,1981,"M. Zarrillo, A. Rosario e P. A. Cassella",No
9,Marcella,Pensa per te,1981,G. Bigazzi e G. Bella,No
10,Passengers,Midnight,1981,G. Arena e A. Piccareta,No
,Eduardo De Crescenzo,Ancora,1981,F. Migliacci e C. Mattone,No
,Leano Morelli,Angela,1981,M. Mologni e L. Morelli,No
,Orietta Berti,La barca non va più,1981,B. Lauzi e P. Caruso,No
,Sterling Saint-Jacques,Blue (Tutto è blu),1981,"P. M. Bozzetti, G. Bozzetti e V. Caruso",No
,Fiorella Mannoia,Caffè nero bollente,1981,C. Cavallo e R. De Cola,No
,Carmen & Thompson,Follow me (Se amore vuoi),1981,"L. Angeleri, C. Thompson e P. Carmen",No
,Stefano Tosi,Io mi,1981,"C. D'Apruzzo, M. Filistrucchi e S. Tosi Innocenti",No
,Bobby Solo,Non posso perderti,1981,D. Ciotti e R. Satti,No
,Gianni Bella,Questo amore non si tocca,1981,G. Bigazzi e G. Bella,No
,Collage,I ragazzi che si amano,1981,"C. Fontana, A. Valsiglio e P. Masala",No
,Enzo Malepasso,Amore mio,1981,S. De Pasquale e V. Malepasso,No
,Sebastiano Occhino,Bianca stella,1981,S. Occhino e L. Albertelli,No
,Jò Chiarello,Che brutto affare,1981,F. Califano e A. Varano,No
,Gli Opera,Guerriero,1981,A. Barillà,No
,Umberto Napolitano,Mille volte ti amo,1981,U. Napolitano,No
,Tom Hooker,Toccami,1981,R. Brioschi e M. Chiodi,No
,Domenico Mattia,Tulilemble,1981,G. P. Felisatti,No
,Franco Fasano,Un'isola alle Hawaii,1981,F. Fasano e S. De Pasquale,No
1,Riccardo Fogli,Storie di tutti i giorni,1982,"R. Fogli, G. Morra e M. Fabrizio",Si
2,Al Bano e Romina Power,Felicità,1982,"C. Minellono, G. De Stefani e D. Farina",Si
3,Drupi,Soli,1982,"G. Anelli, G. Belleno e V. De Scalzi",Si
4,Giuseppe Cionfoli,Solo grazie,1982,G. Cionfoli,Si
5,Christian,Un'altra vita un altro amore,1982,M. Balducci,Si
,Jimmy Fontana,Beguine,1982,"F. Migliacci, E. Sbriccoli, L. Greco e L. Pellegrino",No
,Lene Lovich,Blue Hotel,1982,Goldsand,No
,Elisabetta Viviani,C'è,1982,M. Balducci,No
,Mia Martini,E non finisce mica il cielo,1982,I. Fossati,No
,Anna Oxa,Io no,1982,O. Avogadro e M. Lavezzi,No
,Stefano Sani,Lisa,1982,"J. Iozzo, Z. Fornaciari e F. Marsella",No
,Le Orme,Marinai,1982,"A. Salerno, D'Amico, A. Pagliuca e A. Tagliapietra",No
,Riccardo Del Turco,Non voglio ali,1982,R. Del Turco,No
,Plastic Bertrand,Ping pong,1982,"Depsa, G. Pirazzoli e G. Fasano",No
,Milk & Coffee,Quando incontri l'amore,1982,"S. Subelli e I. Polizzy, C. Natili e G. Nisi",No
,Viola Valentino,Romantici,1982,G. Morra e M. Fabrizio,No
,Mal,Sei la mia donna,1982,"C. Minellono, D. Sorrenti e G. Santamaria",No
,Mario Castelnuovo,Sette fili di canapa,1982,M. Castelnuovo,No
,Roberto Soffici,Strano momento,1982,R. Soffici e A. Lo Vecchio,No
,Bobby Solo,Tu stai,1982,R. Satti,No
,Zucchero Fornaciari,Una notte che vola via,1982,Z. Fornaciari e C. D'Apruzzo,No
,Vasco Rossi,Vado al massimo,1982,V. Rossi,No
,Orietta Berti,America in,1982,"D. Pace, M. Panzeri e C. Conti",No
,Rino Martinez,Biancaneve,1982,P. Dossena e R. Martinez,No
,Marina Lai,Centomila amori miei,1982,"Minimum, A. Cogliati e C. Castellari",No
,Julie,Cuore bandito,1982,E. Palumbo e D. Sebastiani,No
,Claudio Villa,Facciamo la pace,1982,C. Villa e R. Ferri,No
,Piero Cassano,Non arrenderti mai,1982,"V. Pallavicini, L. Albertelli e P. Cassano",No
,Michele Zarrillo,Una rosa blu,1982,"P. Cassella, M. Zarrillo e T. Savio",No
,Fiordaliso,Una sporca poesia,1982,"G. Pirazzoli, G. Fasano e Depsa",No
1,Tiziana Rivale,Sarà quel che sarà,1983,R. Ferri e M. Fabrizio,Si
2,Donatella Milani,Volevo dirti,1983,"D. Milani, D. Pace e A. Fornaciari",Si
3,Dori Ghezzi,Margherita non lo sa,1983,O. Prudente e O. Avogadro,Si
4,Matia Bazar,Vacanze romane,1983,C. Marrale e G. Golzi,Si
5,Toto Cutugno,L'italiano,1983,C. Minellono e T. Cutugno,Si
6,Fiordaliso,Oramai,1983,"C. Daiano, A. Valsiglio e Depsa",No
7,Stefano Sani,Complimenti,1983,L. Albertelli e A. Fornaciari,No
8,Gianni Morandi,La mia nemica amatissima,1983,"Mogol, G. Bella e G. Morandi",No
9,Amii Stewart,Working Late Tonight,1983,"M. Capuano, G. Capuano e S. Boswell",No
10,Marco Armani,È la vita,1983,M. Armani e P. Armenise,No
11,Giuseppe Cionfoli,Shalom,1983,G. Cionfoli,No
12,Giorgia Fiorio,Avrò,1983,"S. Menegale, R. Ferrato e P. Soffici",No
13,Flavia Fortunato,Casco blu,1983,"M. Di Carlo, P. Masala, E. Palumbo e M. Ramoino",No
14,Bertín Osborne,Eterna malattia,1983,E. Malepasso e L. Albertelli,No
15,Riccardo Azzurri,Amare te,1983,R. Azzurri,No
16,Sandro Giacobbe,Primavera,1983,S. Giacobbe e L. Albertelli,No
17,Christian,Abbracciami amore mio,1983,M. Balducci,No
18,Marco Ferradini,Una catastrofe bionda,1983,"R. Giuliani, M. Ferradini e Cheope",No
19,Richard Sanderson,Stiamo insieme,1983,A. Fornaciari,No
20,Zucchero,Nuvola,1983,A. Fornaciari,No
21,Gianni Nazzaro,Mi sono innamorato di mia moglie,1983,D. Pace e M. Russo,No
22,Barbara Boncompagni,Notte e giorno,1983,D. Pace e A. Valsiglio,No
23,Passengers,Movie Star,1983,C. Valli e A. Piccarreda,No
24,Viola Valentino,Arriva arriva,1983,M. Fabrizio e V. Spampinato,No
25,Vasco Rossi,Vita spericolata,1983,V. Rossi e T. Ferro,No
26,Pupo,Cieli azzurri,1983,E. Ghinazzi e S. Saturnini,No
,Daniela Goggi,Dammi tanto amore,1983,M. Bassi e E. Ghinazzi,No
,Pinot,Donna sola,1983,I. Michetti,No
,Brunella Borciani,E la neve scende,1983,L. Albertelli e A. Fornaciari,No
,Patrizia Danzi,Fammi volare,1983,Cavaros e M. Violante,No
,Gloriana,Il mio treno,1983,"S. Subelli, G. Nisi, G. Natili, S. Aloisio e F. Anfuso",No
,Nino Buonocore,Nuovo amore,1983,N. Buonocore,No
,Sibilla,Oppio,1983,"F. Battiato, G. Pio e S. Mostert",No
,Alessio Colombini,Scatole cinesi,1983,A. Cogliati e A. Colombini,No
,Manuele Pepe,Solo con te,1983,M. Pepe,No
,Amedeo Minghi,1950,1983,G. Chiocchio e A. Minghi,No
1,Al Bano e Romina Power,Ci sarà,1984,C. Minellono e D. Farina,Si
2,Toto Cutugno,Serenata,1984,S. Cutugno e V. Pallavicini,Si
3,Christian,Cara,1984,M. Balducci,Si
4,Pupo,Un amore grande,1984,"G. Savio, G. Bigazzi e U. Tozzi",Si
5,Fiordaliso,Non voglio mica la luna,1984,"E. Malepasso, L. Albertelli e A. Fornaciari",Si
6,Mario Castelnuovo,Nina,1984,M. Castelnuovo,No
7,Anna Oxa,Non scendo,1984,O. Avogadro e M. Lavezzi,No
8,Drupi,Regalami un sorriso,1984,"A. Cogliati, G. Anelli e F. Fasano",No
9,Iva Zanicchi,Chi (Mi darà),1984,U. Balsamo e C. Malgioglio,No
10,Patty Pravo,Per una bambola,1984,M. Monti,No
11,Gruppo Italiano,Anni ruggenti,1984,"P. Di Malta, R. Riva, G. Folino e C. Santulli",No
12,Bobby Solo,Ancora ti vorrei,1984,"R. Satti, Susuki e M. Mologni",No
13,Donatella Milani,Libera,1984,"D. Milani, Filistrucchi e Putzolu",No
14,Fiorella Mannoia,Come si cambia,1984,M. Piccoli e R. Pareti,No
15,Marisa Sannia,Amore amore,1984,D. Pace e C. Conti,No
16,Alberto Camerini,La bottega del caffè,1984,A. Camerini,No
17,Riccardo Del Turco,Serena alienazione,1984,Mogol e R. Del Turco,No
18,Garbo,Radioclima,1984,R. Abate,No
19,Enrico Ruggeri,Nuovo swing,1984,E. Ruggeri,No
20,Stadio,Allo stadio,1984,L. Carboni e G. Curreri,No
1,Ricchi e Poveri,Se m'innamoro,1985,D. Farina e C. Minellono,Si
2,Luis Miguel,"Noi, ragazzi di oggi",1985,S. Cutugno e C. Minellono,Si
3,Gigliola Cinquetti,Chiamalo amore,1985,D. Farina e P. A. Cassella,Si
4,Riccardo Fogli,Sulla buona strada,1985,M. Fabrizio e V. Spampinato,Si
5,Christian,Notte serena,1985,M. Balducci,Si
6,Eros Ramazzotti,Una storia importante,1985,"E. Ramazzotti, P. Cassano e A. Cogliati",No
7,Anna Oxa,A lei,1985,R. Vecchioni e M. Paoluzzi,No
8,Fiordaliso,Il mio angelo,1985,L. Albertelli e E. Malepasso,No
9,Peppino Di Capri,E mo' e mo',1985,"G. Faiella, S. De Pasquale e F. Fasano",No
10,Matia Bazar,Souvenir,1985,"A. Stellita, C. Marrale e S. Cossu",No
11,Marco Armani,Tu dimmi un cuore ce l'hai,1985,M. Armenise e P. Armenise,No
12,Drupi,Fammi volare,1985,"S. Negroni, D. Dato e G. Anelli",No
13,Franco Simone,Ritratto,1985,M. Colombo e F. Simone,No
14,Eduardo De Crescenzo,Via con me,1985,C. Mattone e D. Pace,No
15,Banco del Mutuo Soccorso,Grande Joe,1985,F. Di Giacomo e V. Nocenzi,No
16,Dario Baldan Bembo,Da quando non ci sei,1985,D. Baldan Bembo e A. Maggio,No
17,Ivan Graziani,Franca ti amo,1985,I. Graziani,No
18,Eugenio Finardi,Vorrei svegliarti,1985,E. Finardi e D. Madonia,No
19,Mimmo Locasciulli,Buona fortuna,1985,M. Locasciulli,No
20,New Trolls,Faccia di cane,1985,"F. De André, R. Ferri, V. De Scalzi, G. Belleno, N. Di Palo e R. Belloni",No
21,Zucchero Fornaciari & Randy Jackson Band,Donne,1985,A. Fornaciari e A. Salerno,No
22,Garbo,Cose veloci,1985,R. Abate,No
1,Eros Ramazzotti,Adesso tu,1986,"E. Ramazzotti, P. Cassano e A. Cogliati",Si
2,Renzo Arbore,Il clarinetto,1986,C. Mattone e R. Arbore,Si
3,Marcella,Senza un briciolo di testa,1986,"G. Bella, Mogol e G. Westley",Si
4,Toto Cutugno,Azzurra malinconia,1986,S. Cutugno,Si
5,Anna Oxa,È tutto un attimo,1986,"A. Cogliati, F. Ciani, M. Lavezzi e U. Smaila",Si
6,Orietta Berti,Futuro,1986,U. Balsamo e L. Raggi,No
7,Nino D'Angelo,Vai,1986,N. D'Angelo e A. Annona,No
8,Fred Bongusto,Cantare,1986,"S. Iodice, F. Bongusto e M. Di Francia",No
9,Loredana Bertè,Re,1986,A. Mango e G. Mango,No
10,Fiordaliso,Fatti miei,1986,"Z. Fornaciari, E. Malepasso e L. Albertelli",No
11,Marco Armani,Uno sull'altro,1986,P. Armenise e M. Armenise,No
12,Sergio Endrigo,Canzone italiana,1986,C. Mattone e S. Endrigo,No
13,Rettore,Amore Stella,1986,G. Morra e M. Fabrizio,No
14,Mango,Lei verrà,1986,G. Mango e A. Salerno,No
15,Righeira,Innamoratissimo (Tu che fai battere forte il mio cuore),1986,"S. Rota, S. Righi, La Bionda, S. Conforti e C. Minellono",No
16,Scialpi,"No East, No West",1986,"G. Scialpi, Thoty e F. Migliacci",No
17,Enrico Ruggeri,Rien ne va plus,1986,E. Ruggeri,No
18,Luca Barbarossa,Via Margutta,1986,L. Barbarossa,No
19,Flavia Fortunato,Verso il 2000,1986,"A. De Sanctis, A. Cheli e E. Palumbo",No
20,Rossana Casale,Brividi,1986,G. Morra e M. Fabrizio,No
21,Zucchero Fornaciari,Canzone triste,1986,Z. Fornaciari,No
22,Stadio,Canzoni alla radio,1986,"L. Carboni, G. Curreri e R. Portera",No
1,"Gianni Morandi, Enrico Ruggeri e Umberto Tozzi",Si può dare di più,1987,"G. Bigazzi, U. Tozzi e R. Riefoli",Si
2,Toto Cutugno,Figli,1987,S. Cutugno,Si
3,Al Bano e Romina Power,Nostalgia canaglia,1987,"V. Pallavicini, W. Molco, A. Carrisi, R. Power e V. Mercurio",Si
4,Fausto Leali,Io amo,1987,"S. Cutugno, F. Leali, G. Fasano e I. Ianne",Si
5,Peppino Di Capri,Il sognatore,1987,S. Cutugno e Depsa,Si
6,Marcella,Tanti auguri,1987,G. Paoli e G. Bella,No
7,Ricchi e Poveri,Canzone d'amore,1987,"S. Cutugno, G. Rampazzo e D. Farina",No
8,Fiorella Mannoia,Quello che le donne non dicono,1987,E. Ruggeri e L. Schiavone,No
9,Luca Barbarossa,Come dentro un film,1987,L. Barbarossa,No
10,Christian,Aria e musica,1987,S. Amato e F. Morgia,No
11,Lena Biolcati,Vita mia,1987,S. D'Orazio e M. Tansini,No
12,Rossana Casale,Destino,1987,G. Morra e M. Fabrizio,No
13,Flavia Fortunato,Canto per te,1987,"E. Palumbo, A. de Sanctis e M. Banis",No
14,Dori Ghezzi,E non si finisce mai,1987,A. Cogliati e P. Cassano,No
15,Eduardo De Crescenzo,L'odore del mare,1987,"G. Morra, E. De Crescenzo e M. Fabrizio",No
16,Scialpi,Bella età,1987,"F. Migliacci, G. Scialpi e R. Zaneli",No
17,Le Orme,Dimmi che cos'è,1987,A. Tagliapietra,No
18,Mango,Dal cuore in poi,1987,"A. Salerno, A. Mango e G. Mango",No
19,Tony Esposito,Sinuè,1987,"G. Di Franco, T. Esposito e R. Licastro",No
20,Patty Pravo,Pigramente signora,1987,M. Arnaboldi e F. Evangelisti,No
21,Sergio Caputo,Il Garibaldi innamorato,1987,S. Caputo,No
22,Mario Castelnuovo,Madonna di Venere,1987,M. Castelnuovo,No
23,Nino Buonocore,Rosanna,1987,N. Buonocore,No
24,Nada,Bolero,1987,G. Manzoli,No
1,Massimo Ranieri,Perdere l'amore,1988,M. Marrocchi e G. Artegiani,Si
2,Toto Cutugno,Emozioni,1988,T. Cutugno,Si
3,Luca Barbarossa,L'amore rubato,1988,L. Barbarossa,Si
4,Marcella,Dopo la tempesta,1988,A. Salerno e G. Bella,Si
5,Fausto Leali,Mi manchi,1988,F. Berlincioni e G. Fasano,Si
6,Mino Reitano,Italia,1988,U. Balsamo,No
7,Anna Oxa,Quando nasce un amore,1988,"A. Cogliati, F. Ciani e P. Cassano",No
8,Fiordaliso con Claudio Cabrini,Per noi,1988,T. Cutugno,No
9,Ricchi e Poveri,Nascerà Gesù,1988,U. Balsamo,No
10,Fiorella Mannoia,Le notti di maggio,1988,I. Fossati,No
11,Raf,Inevitabile follia,1988,G. Bigazzi e R. Riefoli,No
12,Francesco Nuti,Sarà per te,1988,R. Mariotti,No
13,Franco Califano,Io (Per le strade di quartiere),1988,F. Califano e T. Cutugno,No
14,Figli di Bubba,Nella valle dei Timbales,1988,M. Pagani,No
15,Michele Zarrillo,Come un giorno di sole,1988,"G. Artegiani, M. Zarrillo e L. Lopez",No
16,Loredana Bertè,Io,1988,T. Cicco,No
17,Peppino di Capri,Nun chiagnere,1988,"L. Raggi, Depsa e G. Fasano",No
18,Tullio De Piscopo,Andamento lento,1988,"T. De Piscopo, M. Capuano e G. Capuano",No
19,Matia Bazar,La prima stella della sera,1988,"A. Stellita, S. Cossu e C. Marrale",No
20,Drupi,Era bella davvero,1988,"O. Avogadro, P. Cassella e D. Farina",No
21,Ron,Il mondo avrà una grande anima,1988,R. Cellamare,No
22,Flavia Fortunato,Una bella canzone,1988,O. Avogadro e M. Lavezzi,No
23,New Trolls,Cielo chiaro,1988,"V. De Scalzi, N. Di Palo e G. Belleno",No
24,Denovo,Ma che idea,1988,L. Madonia,No
25,Nino Buonocore,Le tue chiavi non ho,1988,A. Salerno e N. Buonocore,No
26,Alan Sorrenti,Come per miracolo,1988,A. Sorrenti e G. Cavalli,No
1,Anna Oxa e Fausto Leali,Ti lascerò,1989,"G. Fasano, F. Leali, F. Ciani, F. Berlincioni e S. Bardotti",Si
2,Toto Cutugno,Le mamme,1989,T. Cutugno e S. Borgia,Si
3,Al Bano e Romina Power,Cara terra mia,1989,"A. Carrisi, R. Power e V. Pallavicini",Si
4,Riccardo Fogli,Non finisce così,1989,"Laurex, M. Patrignani, C. Cofani e F. Evangelisti",Si
,Jovanotti,Vasco,1989,"C. Cecchetto, L. Cherubini, L. Cersosimo",No
,Fiordaliso con Claudio Cabrini,Se non avessi te,1989,T. Cutugno,No
,Francesco Salvi,Esatto!,1989,"F. Salvi, S. Melloni e M. Natale",No
,Ricchi e Poveri,Chi voglio sei tu,1989,P. Cassano e A. Cogliati,No
,Mia Martini,Almeno tu nell'universo,1989,B. Lauzi e M. Fabrizio,No
,Ornella Vanoni,Io come farò,1989,"M. Pagani, G. Paoli e S. Bardotti",No
,Peppino di Capri,Il mio pianoforte,1989,"R. Fiorillo, M. Di Francia e G. Faiella",No
,Marisa Laurito,Il babà è una cosa seria,1989,S. Palomba e E. Alfieri,No
,Gino Paoli,Questa volta no,1989,P. Penzo e G. Paoli,No
,Renato Carosone,Na canzuncella doce doce,1989,C. Mattone,No
,Raf,Cosa resterà degli anni '80,1989,"G. Bigazzi, G. Dati e R. Riefoli",No
,Dori Ghezzi,Il cuore delle donne,1989,"M. Paoluzzi, O. Avogadro e R. Ferri",No
,Enzo Jannacci,Se me lo dicevi prima,1989,E. Jannacci e M. Bassi,No
,Gigliola Cinquetti,Ciao,1989,"Gepy & Gepy, M. Governi e R. Russo",No
,Rossana Casale,A che servono gli dei,1989,M. Fabrizio e G. Morra,No
,Tullio De Piscopo,E allora e allora,1989,"M. Capuano, G. Capuano e T. De Piscopo",No
,Eduardo De Crescenzo,Come mi vuoi,1989,M. G. Nava e E. De Crescenzo,No
,Fred Bongusto,Scusa,1989,"F. Bongusto, E. Campassi e S. Iodice",No
,Gigi Sabani,La fine del mondo,1989,"T. Cutugno, G. Fasano e Depsa",No
,Sergio Caputo,Rifarsi una vita,1989,S. Caputo,No
1,Pooh,Uomini soli,1990,V. Negrini e C. Facchinetti,Si
2,Toto Cutugno,Gli amori,1990,"F. Berlincioni, S. Cutugno e S. De Pasquale",Si
3,Amedeo Minghi e Mietta,Vattene amore,1990,A. Minghi,Si
,Anna Oxa,Donna con te,1990,D. Amerio e L. Boero,No
,Marcella e Gianni Bella,Verso l'ignoto,1990,"D. Di Gregorio, G. Bella e R. Di Bella",No
,Mia Martini,La nevicata del '56,1990,"C. Vistarini, F. Califano, M. Cantini e L. Lopez",No
,Mango,Tu... sì,1990,A. Mango e G. Mango,No
,Francesco Salvi,A,1990,"F. Salvi, M. Natale, R. Turatti e S. Melloni",No
,Caterina Caselli,Bisognerebbe non pensare che a te,1990,G. Morra e M. Fabrizio,No
,Riccardo Fogli,Ma quale amore,1990,"A. De Angelis, B. Incarnato e L. Lopez",No
,Sandro Giacobbe,Io vorrei,1990,S. Cutugno e S. Giacobbe,No
,Paola Turci,Ringrazio Dio,1990,"A. Rizzo, Rambow e R. Silvestro",No
,Milva,Sono felice,1990,R. Cellamare e B. Antonacci,No
,Grazia Di Michele,Io e mio padre,1990,G. Di Michele,No
,Peppino di Capri,Evviva Maria,1990,G. Faiella e S. De Pasquale,No
,Eugenio Bennato e Tony Esposito,Novecento Aufwiedersehen,1990,"E. Bennato, A. Esposito e C. D'Angiò",No
,Ricchi e Poveri,Buona giornata,1990,"S. De Pasquale, M. Paoluzzi e V. Cosma",No
,Lena Biolcati,Amori,1990,L. Biolcati e Robymiro,No
,Mino Reitano,Vorrei,1990,"C. Malgioglio, P. Vernola, F. Reitano e B. Reitano",No
,Christian,Amore,1990,"F. Berlincioni, G. Rossi, S. Amato e F. Morgia",No
1,Riccardo Cocciante,Se stiamo insieme,1991,R. Cocciante e Mogol,Si
2,Renato Zero,Spalle al muro,1991,M. Nava,Si
3,Marco Masini,Perché lo fai,1991,"G. Bigazzi, M. Manzani e M. Masini",Si
4,Umberto Tozzi,Gli altri siamo noi,1991,U. Tozzi e G. Bigazzi,Si
5,Pierangelo Bertoli e Tazenda,Spunta la Luna dal monte,1991,L. Marielli e P. Bertoli,Si
6,Amedeo Minghi,Nené,1991,A. Minghi,No
7,Mietta,Dubbi no,1991,A. Minghi,No
8,Al Bano e Romina Power,Oggi sposi,1991,Depsa e G. Andreetto,No
9,Riccardo Fogli,Io ti prego di ascoltare,1991,G. Morra e M. Fabrizio,No
10,Raf,Oggi un Dio non ho,1991,R. Riefoli e G. Dati,No
11,Enzo Jannacci,La fotografia,1991,V. Jannacci,No
12,Fiordaliso,Il mare più grande che c'è (I Love You Man),1991,F. Ciani e F. Zanotti,No
13,Jo Squillo e Sabrina Salerno,Siamo donne,1991,G. Coletti,No
14,Ladri di Biciclette,Sbatti ben su del Be Bop,1991,P. Belli e E. Prandi,No
15,Eduardo De Crescenzo,E la musica va,1991,E. De Crescenzo e F. Del Prete,No
16,Grazia Di Michele,Se io fossi un uomo,1991,"Joanna, G. Di Michele e P. Nocera",No
17,Rossana Casale,Terra,1991,G. Morra e M. Fabrizio,No
18,Loredana Bertè,In questa città,1991,P. Daniele,No
19,Gianni Bella,La fila degli oleandri,1991,G. Bella e Mogol,No
20,Mariella Nava,Gli uomini,1991,M. Nava,No
1,Luca Barbarossa,Portami a ballare,1992,L. Barbarossa,Si
2,Mia Martini,Gli uomini non cambiano,1992,"G. Dati, M. Falagiani e G. Bigazzi",Si
3,Paolo Vallesi,La forza della vita,1992,G. Dati e P. Vallesi,Si
4,Pierangelo Bertoli,Italia d'oro,1992,P. Bertoli e M. Negri,Si
5,Massimo Ranieri,Ti penso,1992,F. Berlincioni e S. Amato,Si
6,Matia Bazar,Piccoli giganti,1992,"A. Stellita, S. Cossu, C. Marrale e L. Valente",No
7,Franco Fasano e Flavia Fortunato,Per niente al mondo,1992,G. Fasano e F. Berlincioni,No
8,Tazenda,Pitzinnos in sa gherra,1992,L. Marielli e F. De André,No
9,Fausto Leali,Perché,1992,A. Civai e G. Bigazzi,No
10,Riccardo Fogli,In una notte così,1992,G. Morra e M. Fabrizio,No
11,Michele Zarrillo,Strade di Roma,1992,"V. Incenzo, M. Zarrillo e A. Venditti",No
12,Mariella Nava,Mendicante,1992,M. G. Nava,No
13,Drupi,Un uomo in più,1992,Depsa e G. Fasano,No
14,Peppino di Capri e Pietra Montecorvino,Favola blues,1992,"F. Berlincioni, M. Di Francia e G. Faiella",No
15,New Trolls,Quelli come noi,1992,"D. Gori, N. Di Palo, G. Belleno, V. De Scalzi e F. Berlincioni",No
,Ricchi e Poveri,Così lontani,1992,S. Cutugno,No
,Scialpi,È una nanna,1992,G. Scialpi,No
,Lina Sastri,Femmene 'e mare,1992,R. Giglio e R. Fiorillo,No
,Paolo Mengoli,Io ti darò,1992,"G. Alberghini, P. Mengoli e G. Trombetti",No
,Enzo Ghinazzi,La mia preghiera,1992,E. Ghinazzi,No
,Mino Reitano,Ma ti sei chiesto mai,1992,"F. Reitano, B. Reitano, P. Vernola e G. Andreetto",No
,Nuova Compagnia di Canto Popolare,Pe' dispietto,1992,"C. Sfogli, P. Raffone e C. Faiello",No
,Giorgio Faletti e Orietta Berti,Rumba di tango,1992,G. Faletti,No
,Formula 3,Un frammento rosa,1992,M. Luca e L. Bevini,No
1,Enrico Ruggeri,Mistero,1993,E. Ruggeri,Si
2,Cristiano De Andrè,Dietro la porta,1993,D. Fossati e C. De Andrè,Si
3,Rossana Casale e Grazia Di Michele,Gli amori diversi,1993,"R. Casale, G. Restelli e G. Di Michele",Si
4,Matia Bazar,Dedicato a te,1993,"L. Valente, M. Bassi, S. Cossu, A. Stellita e C. Marrale",Si
5,Renato Zero,Ave Maria,1993,R. Fiacchini e R. Serio,Si
6,Mietta e Ragazzi di Via Meda,Figli di chi,1993,"D. Miglietta, A. De Sanctis, G. Isgrò e F. Neviani",No
7,Paola Turci,Stato di calma apparente,1993,P. Turci e G. Chiocchio,No
8,Biagio Antonacci,Non so più a chi credere,1993,B. Antonacci,No
9,Amedeo Minghi,"Notte bella, magnifica",1993,A. Minghi,No
10,Francesca Alotta,Un anno di noi,1993,"G. Bigazzi, M. Falagiani e G. Dati",No
11,Andrea Mingardi,Sogno,1993,A. Mingardi,No
12,Roberto Murolo,L'Italia è bella,1993,C. Faiello,No
13,Tullio De Piscopo,Qui gatta ci cova,1993,"M. Capuano, G. Capuano e T. De Piscopo",No
14,Loredana Bertè e Mia Martini,Stiamo come stiamo,1993,M. Piccoli e L. Bertè,No
15,Nino Buonocore,Una canzone d'amore,1993,M. De Vitis e N. Buonocore,No
,Jo Squillo,Balla italiano,1993,G. Coletti,No
,Ladri di Biciclette e Tony Esposito,Cambiamo musica,1993,"A. Esposito, E. Prandi, G. Verdelli e G. Di Franco",No
,"Maurizio Vandelli, Dik Dik e Camaleonti",Come passa il tempo,1993,"G. Bigazzi, R. Del Turco e G. Dati",No
,Francesco Salvi,Dammi 1 bacio,1993,"F. Salvi, M. Natale e R. Turatti",No
,Peppino Gagliardi,L'alba,1993,S. Cirillo e P. Gagliardi,No
,Peppino di Capri,La voce delle stelle,1993,"G. Faiella, M. Di Francia e F. Berlincioni",No
,Schola Cantorum,Sulla strada del mare,1993,A. De Sanctis e A. Cheli,No
,Alessandro Canino,Tu tu tu tu,1993,"G. Bigazzi, P. Hollesch, A. Baldinotti e G. Dati",No
,Milva,Uomini addosso,1993,C. F. Facchinetti e V. Negrini,No
1,Aleandro Baldi,Passerà,1994,"A. Civai, G. Bigazzi e M. Falagiani",Si
2,Giorgio Faletti,Signor tenente,1994,G. Faletti,Si
3,Laura Pausini,Strani amori,1994,"A. Valsiglio, R. Buti, Cheope, M. Marati e F. Tanini",Si
4,Gerardina Trovato,Non è un film,1994,"A. Anastasio, C. Valli e G. Trovato",Si
5,Michele Zarrillo,Cinque giorni,1994,V. Incenzo e M. Zarrillo,Si
6,Enzo Jannacci e Paolo Rossi,I soliti accordi,1994,"E. Jannacci, P. Rossi e P. Jannacci",No
7,Ivan Graziani,Maledette malelingue,1994,I. Graziani,No
8,Andrea Mingardi,Amare amare,1994,A. Mingardi e M. Tirelli,No
9,Marco Armani,Esser duri,1994,M. Armenise e L. Carboni,No
10,Donatella Rettore,Di notte specialmente,1994,"Cheope, D. Rettore e C. Rego",No
11,Mariella Nava,Terra mia,1994,M. G. Nava,No
12,Formula 3,La casa dell'imperatore,1994,T. Cicco e M. Castelnuovo,No
13,Loredana Bertè,Amici non ne ho,1994,L. Bertè e P. Leon,No
14,Alessandro Canino,Crescerai,1994,"B. Zucchetti, G. Dati e S. Busà",No
15,Francesco Salvi,Statento,1994,F. Salvi e V. Cosma,No
16,Alessandro Bono,Oppure no,1994,A. Pizzamiglio,No
17,Claudia Mori,Se mi ami...,1994,T. Cutugno,No
18,Carlo Marrale,L'ascensore,1994,"C. Marrale, P. Rodenbucher e Cheope",No
19,Squadra Italia,Una vecchia canzone italiana,1994,S. Jurgens e M. Marrocchi,No
20,Franco Califano,Napoli,1994,"F. Califano, A. Laurenti e A. Gaudino",No
1,Giorgia,Come saprei,1995,"G. Todrani, E. Ramazzotti, V. Tosetto e A. Cogliati",Si
2,Gianni Morandi e Barbara Cola,In amore,1995,Duchesca e B. Zambrini,Si
3,Ivana Spagna,Gente come noi,1995,"I. Spagna, G. Spagna, F. Zanotti, A. Valsiglio e M. Marati",Si
4,Andrea Bocelli,Con te partirò,1995,L. Quarantotto e F. Sartori,Si
5,Fiorello,Finalmente tu,1995,M. Pezzali e M. Repetto,Si
6,Danilo Amerio,Bisogno d'amore,1995,D. Amerio,No
7,Lighea,Rivoglio la mia vita,1995,"M. Pecora, Zenonazza e T. Montelpare",No
8,883,Senza averti qui,1995,"M. Pezzali, P. P. Peroni e M. Guarniero",No
9,Antonella Arancio,Più di così,1995,"F. Carraresi, F. Migliacci, L. Bechelli e M. Goldsand",No
10,Lorella Cuccarini,Un altro amore no,1995,"V. Incenzo, D. Pinelli e S. Testi",No
11,Mango,Dove vai...,1995,"A. Mango, S. Grandi e G. Mango",No
12,Giorgio Faletti,L'assurdo mestiere,1995,G. Faletti,No
13,Trio Melody,Ma che ne sai... (...se non hai fatto il piano-bar),1995,C. Mattone,No
14,Gigliola Cinquetti,Giovane vecchio cuore,1995,G. Faletti,No
15,Massimo Ranieri,La vestaglia,1995,M. Marrocchi e G. Artegiani,No
16,Drupi,Voglio una donna,1995,"T. Cutugno, C. Farina e A. Sanarico",No
17,Toto Cutugno,Voglio andare a vivere in campagna,1995,T. Cutugno,No
18,Sabina Guzzanti e La Riserva Indiana,Troppo sole,1995,D. Riondino,No
19,Loredana Bertè,ANGELI & angeli,1995,L. Bertè e P. Leon,No
20,Patty Pravo,I giorni dell'armonia,1995,M. Monti e G. Ullu,No
,Francesca Schiavo,Amore e guerra,1995,S. Cammariere e R. Kunstler,No
,Valeria Visconti,È con te,1995,C. Marrale,No
,Giò Di Tonno,Padre e padrone,1995,G. Di Tonno e A. Di Zio,No
1,Ron (con Tosca non accreditata),Vorrei incontrarti fra cent'anni,1996,R. Cellamare,Si
2,Elio e le Storie Tese,La terra dei cachi,1996,"D. Civaschi, S. Belisari, S. Conforti e N. Fasani",Si
3,Giorgia,Strano il mio destino,1996,G. Todrani e M. Fabrizio,Si
4,Ivana Spagna,E io penso a te,1996,I. Spagna e G. Spagna,Si
5,Neri per Caso,Mai più sola,1996,C. Mattone,Si
6,Massimo Di Cataldo,Se adesso te ne vai,1996,M. Di Cataldo e B. Laurenti,No
7,Al Bano,È la mia vita,1996,P. Marino e M. Fabrizio,No
8,Aleandro Baldi e Marco Guerzoni,Soli al bar,1996,"F. Palmieri, G. Bigazzi e A. Civai",No
9,Amedeo Minghi,Cantare è d'amore,1996,A. Minghi e P. Panella,No
10,Paola Turci,Volo così,1996,P. Turci e R. Casini,No
11,Michele Zarrillo,L'elefante e la farfalla,1996,V. Incenzo e M. Zarrillo,No
12,Luca Barbarossa,Il ragazzo con la chitarra,1996,L. Barbarossa,No
13,Federico Salvatore,Sulla porta,1996,"F. Salvatore, G. Bigazzi e G. Dati",No
14,Rossella Marcone,Una vita migliore,1996,"P. Cremonesi, F. Cavalli e A. Valsiglio",No
15,Enrico Ruggeri,L'amore è un attimo,1996,L. Schiavone e E. Ruggeri,No
16,Raffaella Cavalli,Sarò,1996,"Depsa, F. Zanotti e A. Valsiglio",No
17,Gigi Finizio,Solo lei,1996,L. Finizio e A. Annona,No
18,Paolo Vallesi,Non andare via,1996,G. Dati e P. Vallesi,No
19,Riccardo Fogli,Romanzo,1996,G. Morra e M. Fabrizio,No
20,Umberto Bindi e New Trolls,Letti,1996,U. Bindi e R. Fiacchini,No
,Dhamm,Ama,1996,"D. Benedetti, A. Ventura, M. Munzi e M. Conti",No
,Mara,Non è amore,1996,D. Poggiolini e F. Puccioni,No
,Fedele Boccassini,Non scherzare dai,1996,"L. Angelosanti, F. Zanotti, M. Remigi, F. Boccassini e F. Morettini",No
1,Jalisse,Fiumi di parole,1997,"C. Di Domenico, A. Drusian e F. Ricci",Si
2,Anna Oxa,Storie,1997,"Depsa, M. Marati, S. Monetti, A. Valsiglio e F. Zanotti",Si
3,Syria,Sei tu,1997,C. Mattone e A. Salerno,Si
4,Silvia Salemi,A casa di Luca,1997,G. Artegiani,Si
5,Fausto Leali,Non ami che te,1997,R. Pacco,Si
6,O.R.O.,Padre Nostro,1997,E. Ruggeri e M. Manzani,No
7,Nek,Laura non c'è,1997,"A. De Sanctis, F. Neviani e M. Varini",No
8,Patty Pravo,...e dimmi che non vuoi morire,1997,"V. Rossi, G. Curreri e R. Ferri",No
9,Massimo Ranieri,Ti parlerò d'amore,1997,G. Togni e G. Morra,No
10,Tosca,Nel respiro più grande,1997,S. Tamaro e R. Cellamare,No
11,Francesco Baccini,Senza tù,1997,G. Conte e F. Baccini,No
12,Dirotta su Cuba,È andata così,1997,"Cheope, S. De Donato, P. D'Emilio, R. Gentili, S. Bencini e A. Ravasini",No
13,Marina Rei,Dentro me,1997,M. Rei e F. Minoia,No
14,Al Bano,Verso il sole,1997,V. Cidda e A. Carrisi,No
15,Cattivi Pensieri,Quello che sento,1997,"C. Farolfi, D. De Marinis, D. Bosio e N. Fragile",No
16,Pitura Freska,Papa nero,1997,"M. F. Forieri, S. O. Skardy, V. Silvestri, C. Verardo e F. Duse",No
17,Toto Cutugno,Faccia pulita,1997,S. Cutugno,No
18,Ragazzi Italiani,Vero amore,1997,"A. Galbiati, C. Palmas e M. G. Fontana",No
19,New Trolls e Greta,Alianti liberi,1997,"E. Palumbo, M. Cattapani, V. De Scalzi, N. Di Palo e G. Labate",No
20,Loredana Bertè,Luna,1997,L. Bertè e M. Piccoli,No
,Alessandro Mara,Attimi,1997,A. Maraniello,No
,Camilla,Come ti tradirei,1997,F. Casalino e M. Violante,No
,Carmen Consoli,Confusa e felice,1997,C. Consoli,No
,Alessandro Errico,E penserò al tuo viso...,1997,"A. Errico, A. Campisano e R. Gori",No
,Leandro Barsotti,Fragolina,1997,L. Barsotti,No
,Maurizio Lauzi,Il capo dei giocattoli,1997,M. Lauzi,No
,Olivia,Quando viene sera,1997,S. Borzi e A. Zelli,No
,Adriana Ruocco,Uguali uguali,1997,"F. Migliacci, E. Migliacci e R. Zappalorto",No
,Petra Magoni,Voglio un dio,1997,R. Banchelli,No
1,Annalisa Minetti,Senza te o con te,1998,M. Luca e P. Palma,Si
2,Antonella Ruggiero,Amore lontanissimo,1998,A. Ruggiero e R. Colombo,Si
3,Lisa,Sempre,1998,G. Morra e M. Fabrizio,Si
4,Paola Turci,Solo come me,1998,R. Casini e P. Turci,Si
5,Silvia Salemi,Pathos,1998,S. Salemi e G. Artegiani,Si
6,Mango e Zenîma,Luce,1998,"A. Salerno, G. Mango e A. Mango",No
7,Luca Sepe,Un po' di te,1998,"L. Sepe, M. Schembri, F. Leali e E. Malepasso",No
8,Niccolò Fabi,Lasciarsi un giorno a Roma,1998,"N. Fabi, R. Sinigallia, C. Dazzi e D. Sinigallia",No
9,Ron,Un porto nel vento,1998,"G. Zagni, Ron e F. Coppini",No
10,Andrea Mingardi,Canto per te,1998,A. Mingardi e M. Tirelli,No
11,Alex Baroni,Sei tu o lei (Quello che voglio),1998,"A. Baroni, P. Calabrese, M. Calabrese, M. D'Angelo e M. Rinalduzzi",No
12,Spagna,E che mai sarà,1998,I. Spagna e G. Spagna,No
13,Piccola Orchestra Avion Travel,Dormi e sogna,1998,"G. Servillo, D. Ciaramella, M. Tronco, G. D'Argenzio, F. Mesolella e F. Spinetti",No
14,Sergio Caputo,Flamingo,1998,S. Caputo,No
15,Nuova Compagnia di Canto Popolare,Sotto il velo del cielo,1998,C. Sfogli e C. Faiello,No
16,Paola & Chiara,Per te,1998,P. Iezzi e C. Iezzi,No
17,Enzo Jannacci,Quando un musicista ride,1998,E. Jannacci,No
1,Anna Oxa,Senza pietà,1999,C. Guidetti e A. Salerno,Si
2,Antonella Ruggiero,Non ti dimentico (Se non ci fossero le nuvole),1999,"R. Colombo, A. Ruggiero e Kaballà",Si
3,Mariella Nava,Così è la vita,1999,M. Nava,Si
4,Enzo Gragnaniello con Ornella Vanoni,Alberi,1999,E. Gragnaniello,Si
5,Stadio,Lo zaino,1999,V. Rossi e G. Curreri,Si
6,Al Bano,Ancora in volo,1999,"P. Marcucci, A. Carrisi e M. Bizzarri",No
7,Marina Rei,Un inverno da baciare,1999,M. Rei e D. Pinelli,No
8,Nino D'Angelo,Senza giacca e cravatta,1999,N. D'Angelo e C. Tortora,No
9,Daniele Silvestri,Aria,1999,D. Silvestri,No
10,Nada,Guardami negli occhi,1999,N. Malanima,No
11,Eugenio Finardi,Amami Lara,1999,"E. Finardi, F. Consoli e E. Bechis",No
12,Gatto Panceri,Dove dov'è,1999,G. Panceri,No
13,Gianluca Grignani,Il giorno perfetto,1999,G. Grignani,No
14,Massimo Di Cataldo,Come sei bella,1999,M. Di Cataldo,No
1,Piccola Orchestra Avion Travel,Sentimento,2000,"D. Ciaramella, G. D'Argenzio, F. Mesolella, F. Spinetti, M. Tronco e G. Servillo",Si
2,Irene Grandi,La tua ragazza sempre,2000,V. Rossi e G. Curreri,Si
3,Gianni Morandi,Innamorato,2000,"E. Ramazzotti, C. Guidetti e A. Cogliati",Si
4,Max Gazzè,Il timido ubriaco,2000,M. Gazzè e F. Gazzè,Si
5,Samuele Bersani,Replay,2000,S. Bersani e G. D'Onghia,Si
6,Gerardina Trovato,Gechi e vampiri,2000,G. Trovato e T. Sinatra,No
7,Carmen Consoli,In bianco e nero,2000,C. Consoli,No
8,Matia Bazar,Brivido caldo,2000,G. Golzi e P. Cassano,No
9,Alice,Il giorno dell'indipendenza,2000,J. Camisasca,No
10,Gigi D'Alessio,Non dirgli mai,2000,V. D'Agostino e L. D'Alessio,No
11,Subsonica,Tutti i miei sbagli,2000,"M. Casacci, D. Dileo e S. U. Romano",No
12,Ivana Spagna,Con il tuo nome,2000,"I. Spagna, C. Tarantola e G. Spagna",No
13,Mietta,Fare l'amore,2000,G. Mango e A. Mango,No
14,Mariella Nava e Amedeo Minghi,Futuro come te,2000,M. G. Nava e A. Minghi,No
15,Marco Masini,Raccontami di te,2000,M. Masini e G. Dati,No
16,Umberto Tozzi,Un'altra vita,2000,U. Tozzi,No
1,Elisa,Luce (tramonti a nord est),2001,E. Toffoli e A. Fornaciari,Si
2,Giorgia,Di sole e d'azzurro,2001,"A. Fornaciari, M. Saggese e M. Vergnaghi",Si
3,Matia Bazar,Questa nostra grande storia d'amore,2001,G. Golzi e P. Cassano,Si
4,Michele Zarrillo,L'acrobata,2001,V. Incenzo e M. Zarrillo,Si
5,Paola Turci,Saluto l'inverno,2001,P. Turci e C. Consoli,Si
6,Jenny B,Anche tu,2001,G. Golzi e P. Cassano,No
7,Alex Britti,Sono contento,2001,A. Britti,No
8,Gigi D'Alessio,Tu che ne sai,2001,V. D'Agostino e L. D'Alessio,No
9,Fabio Concato,Ciao Ninìn,2001,F. Concato,No
10,Anna Oxa,L'eterno movimento,2001,G. Fulcheri e Laurex,No
11,Peppino di Capri,Pioverà (Habibi ené),2001,"F. Del Prete, Dicapri e M. Vitale",No
12,Gianni Bella,Il profumo del mare,2001,G. Bella e Mogol,No
13,Syria,Fantasticamenteamore,2001,B. Antonacci e S. Lanza,No
14,Sottotono,Mezze verità,2001,M. Cellamaro e M. Dagani,No
15,Quintorigo,Bentivoglio Angelina (Kon tutto il mio amaro),2001,"M. De Leonardis, V. Bianchi, A. Costa, G. Costa, S. Ricci, M. Montanari e G. Facchini",No
16,Bluvertigo,L'assenzio (The Power of Nothing),2001,M. Castoldi e L. Urbani,No
1,Matia Bazar,Messaggio d'amore,2002,G. Golzi e P. Cassano,Si
2,Alexia,Dimmi come...,2002,A. Aquilani e M. Marcolini,Si
3,Gino Paoli,Un altro amore,2002,G. Paoli,Si
4,Fausto Leali e Luisa Corna,Ora che ho bisogno di te,2002,"F. Berlincioni, F. Leali e V. Tosetto",Si
5,Enrico Ruggeri,Primavera a Sarajevo,2002,E. Ruggeri e R. Mogliotti,Si
6,Mariella Nava,Il cuore mio,2002,M. G. Nava,No
7,Filippa Giordano,Amarti sì,2002,L. Quarantotto e A. Napoletano,No
8,Francesco Renga,Tracce di te,2002,P. Renga,No
9,Fiordaliso,Accidenti a te,2002,G. Bigazzi e M. Falagiani,No
10,Gazosa,Ogni giorno di più,2002,"M. Z. Granieri, R. Siani e S. Sichel",No
11,Michele Zarrillo,Gli angeli,2002,"V. Incenzo, M. Zarrillo e R. Amici",No
12,Gianluca Grignani,Lacrime dalla Luna,2002,G. Grignani,No
13,Alessandro Safina,Del perduto amore,2002,G. Morra e M. Fabrizio,No
14,Daniele Silvestri,Salirò,2002,D. Silvestri,No
15,Nino D'Angelo,Marì,2002,"N. D'Angelo, N. Tortora e P. Leon",No
16,Patty Pravo,L'immenso,2002,"F. Carraresi, L. Tempestini e R. Pacco",No
17,Loredana Bertè,Dimmi che mi ami,2002,"D. Latino, N. Tortora e P. Leon",No
18,Mino Reitano,La mia canzone,2002,"P. Panella, A. Paoletti e M. Reitano",No
19,Lollipop,Batte forte,2002,"L. Rana, G. Giorgilli e A. Blescia",No
20,Timoria,Casa mia,2002,O. Pedrini,No
1,Alexia,Per dire di no,2003,A. Salerno e Alexia,Si
2,Alex Britti,7000 caffè,2003,A. Britti,Si
3,Sergio Cammariere,Tutto quello che un uomo,2003,R. Kunstler e S. Cammariere,Si
4,Enrico Ruggeri e Andrea Mirò,Nessuno tocchi Caino,2003,E. Ruggeri e A. Mirò,Si
5,Syria,L'amore è,2003,Jovanotti,Si
6,Lisa,Oceano,2003,"M. Malavasi, Leozed e A. Sandri",No
7,Giuni Russo,Morirò d'amore,2003,"G. Russo, V. Magelli e M. A. Sisini",No
8,Silvia Salemi,Nel cuore delle donne,2003,G. Artegiani e S. Salemi,No
9,Antonella Ruggiero,Di un amore,2003,A. Ruggiero e A. Volpe,No
10,Luca Barbarossa,Fortuna,2003,L. Barbarossa,No
11,Nino D'Angelo,'A storia 'e nisciuno,2003,N. D'Angelo e N. Tortora,No
12,Cristiano De André,Un giorno nuovo,2003,"C. De André, O. Malaspina, M. Talamo, S. Melone e D. Fossati",No
13,Fausto Leali,Eri tu,2003,F. Leali e G. Panceri,No
14,Anna Oxa,Cambierò,2003,"M. Falagiani, M. Carnesecchi e A. Oxa",No
15,Eiffel 65,Quelli che non hanno età,2003,"D. Capuano, M. Lobina, G. Ponte, G. Randone e G. Colla",No
16,Bobby Solo e Little Tony,Non si cresce mai,2003,"G. Bigazzi, G. Gastaldo e R. Satti",No
17,Anna Tatangelo e Federico Stragà,Volere volare,2003,Bungaro e C. Passavanti,No
18,Negrita,Tonight,2003,"F. Barbacci, P. Bruni, F. Li Causi, C. Petricich e E. Salvi",No
19,Amedeo Minghi,Sarà una canzone,2003,A. Minghi,No
20,Iva Zanicchi,Fossi un tango,2003,L. Lana e A. Donati,No
1,Marco Masini,L'uomo volante,2004,"M. Masini, G. Dati e G. Orlandi",Si
2,Mario Rosini,Sei la vita mia,2004,"L. Leone, L. Patruno, C. Noto, L. Rana e G. Giorgilli",Si
3,Linda,"Aria, sole, terra e mare",2004,"L. Valori, L. Bruti, M. Di Paolo, D. De Santis",Si
4,Paolo Meneguzzi,Guardami negli occhi (prego),2004,"P. Meneguzzo, R. Di Bella, L. Mattioni e D. Melotti",Si
5,Bungaro,Guardastelle,2004,G. Romanelli e Antonio Calò,Si
6,Massimo Modugno e Gipsy Kings,Quando l'aria mi sfiora,2004,Mogol e G. Bella,No
7,Stefano Picchi,Generale Kamikaze,2004,S. Picchi,No
8,Morris Albert e Mietta,Cuore,2004,S. Dall'Ora e S. Boffa,No
9,Neffa,Le ore piccole,2004,G. Pellino,No
10,Mario Venuti,Crudele,2004,M. Venuti e Kaballà,No
11,DJ Francesco,Era bellissimo,2004,"F. Facchinetti, S. Lucato, D. Primiceri e A. Rapetti",No
12,Simone Tomassini,È stato tanto tempo fa,2004,S. Tomassini,No
13,DB Boulevard e Bill Wyman,Basterà,2004,"A. Ventura, R. Palù e D. Benedetti",No
14,Andrea Mingardi e The Blues Brothers Band,È la musica,2004,A. Mingardi e M. Tirelli,No
15,Omar Pedrini,Lavoro inutile,2004,O. Pedrini,No
16,Daniele Groff,Sei un miracolo,2004,D. Groff e M. Patrignani,No
17,Adriano Pappalardo,Nessun consiglio,2004,"R. Scarpetta, A. Pappalardo, L. Chiaravalli e G. Moretti",No
18,Veruska,Un angelo legato a un palo,2004,"Mogol, G. Bella e R. Bella",No
19,Andrè,Il nostro amore,2004,"M. Canigiula, S. Labate e C. Labate",No
20,Danny Losito e Las Ketchup,Single,2004,D. Losito e M. Mariello,No
21,Pacifico,Solo un sogno,2004,L. De Crescenzo,No
22,Piotta,Ladro di te,2004,"T. Zanello, E. Rubbi e M. Altomare",No
1,Francesco Renga,Angelo,2005,F. Renga e M. Zappatini,Si
2,Toto Cutugno con Annalisa Minetti,Come noi nessuno al mondo,2005,S. Cutugno,Si
3,Antonella Ruggiero,Echi d'infinito,2005,M. Venuti e Kaballà,Si
4,Nicky Nicolai e Stefano Di Battista Jazz Quartet,Che mistero è l'amore,2005,"M. Fabrizio, G. Lucariello e P. Marino",Si
5,Laura Bono,Non credo nei miracoli,2005,L. Bonometti e M. Natale,Si
,Marcella Bella,Uomo bastardo,2005,G. Bella e S. Pieroni,No
,La Differenza,Che farò,2005,"F. Falcone, G. Martinelli e R. Zaccagna",No
,Alexia,Da grande,2005,"A. Aquilani, G. Fulcheri, G. Cominotti e M. Fabrizio",No
,Matia Bazar,Grido d'amore,2005,P. Cassano e G. Golzi,No
,Gigi D'Alessio,L'amore che non c'è,2005,L. D'Alessio e V. D'Agostino,No
,Veronica Ventavoli,L'immaginario,2005,D. Calvetti e M. Ciappelli,No
,Peppino di Capri,La panchina,2005,"P. di Capri, C. Piccinelli, Depsa",No
,Marco Masini,Nel mondo dei sogni,2005,"M. Masini, G Orlandi e G. Dati",No
,Le Vibrazioni,Ovunque andrò,2005,F. Sarcina,No
,Anna Tatangelo,Ragazza di periferia,2005,"L. D'Alessio, A. Pennino e V. D'Agostino",No
,DJ Francesco Band,Francesca,2005,"A Rapetti, F. Facchinetti e D. Primiceri",No
,Paolo Meneguzzi,Non capiva che l'amavo,2005,"P. Meneguzzi, D. Melotti e R. Di Bella",No
,Marina Rei,Fammi entrare,2005,"M. Rei, D. Sinigallia e R. Sinigallia",No
,Nicola Arigliano,Colpevole,2005,"F. Fasano, G. Grottoli e A. Vaschetti",No
,Giovanna D'Angi,Fammi respirare,2005,M. Pappalardo e G. Caruso,No
,Max De Angelis,Sono qui per questo,2005,"D. Calvetti, M. De Angelis e M. Ciappelli",No
,Equ,L'idea,2005,"V. Crociani, D. Boscherini e G. Graziani",No
,Franco Califano,Non escludo il ritorno,2005,F. Zampaglione e F. Califano,No
,Velvet,Dovevo dirti molte cose,2005,"A. Sgreccia, G. Cornetta, P. Ferrantini e P. Bazzoffi",No
,Christian Lo Zito,Segui il tuo cuore,2005,G. Furnari,No
,Sabrina Guida,Vorrei,2005,"S. Guida, R. D'Aquino e W. Esposito",No
,Modà,Riesci a innamorarmi,2005,F. Silvestre,No
,Paola & Chiara,A modo mio,2005,C. Iezzi e P. Iezzi,No
,Umberto Tozzi,Le parole,2005,U. Tozzi e R. Ancillotti,No
,Concido,Ci vuole k...,2005,"A. Plebani, G. Costantini, M. Tarantelli",No
,Enrico Boccadoro,Dov'è la terra capitano,2005,E. Boccadoro,No
,Negramaro,Mentre tutto scorre,2005,G. Sangiorgi,No
1,Povia,Vorrei avere il becco,2006,G. Povia,Si
2,Nomadi,Dove si va,2006,"C. Cattini, D. Sacco, M. Vecchi e G. Carletti",Si
3,Anna Tatangelo,Essere una donna,2006,Mogol e G. D'Alessio,Si
4,Riccardo Maffoni,Sole negli occhi,2006,R. Maffoni,Si
,Simone Cristicchi,Che bella gente,2006,S. Cristicchi e S. Cipollone,No
,Dolcenera,Com'è straordinaria la vita,2006,"Dolcenera, L. Imerico e R. Pacco",No
,Michele Zarrillo,L'alfabeto degli amanti,2006,V. Incenzo e M. Zarrillo,No
,Zero Assoluto,Svegliarsi la mattina,2006,"M. Maffucci, T. De Gasperi, D. Pao, E. Sognato",No
,Simona Bencini,Tempesta,2006,S. Bencini ed E. Toffoli,No
,Nicky Nicolai,Lei ha la notte,2006,"T. Blu, N. Nicolai, M. Rinalduzzi e M. D'Angelo",No
,Ron,L'uomo delle stelle,2006,Ron,No
,Alex Britti,Solo con te,2006,A. Britti,No
,I Ragazzi di Scampia con Gigi Finizio,Musica e speranza,2006,Mogol e G. D'Alessio,No
,Sugarfree,Solo lei mi dà,2006,"F. Zampaglione, M. Amantia, G. Lo Iacono e M. Salom",No
,Monia Russo,Un mondo senza parole,2006,B. Illiano,No
,L'Aura,Irraggiungibile,2006,L'Aura,No
,Helena Hellwig,Di luna morirei,2006,"C. De Bei, Mango e R. Petruzzi",No
,Tiziano Orecchio,Preda innocente,2006,M. Di Franco e A. Zuppini,No
,"Noa, Carlo Fava & Solis String Quartet",Un discorso in generale,2006,C. Fava e G. Martinelli,No
,Ivana Spagna,Noi non possiamo cambiare,2006,M. Morante,No
,Luca Dirisio,Sparirò,2006,L. Dirisio,No
,Andrea Ori,Nel tuo mare,2006,"C. Ori, A. Ori e M. Vergnaghi",No
,Ameba 4,Rido... forse mi sbaglio,2006,F. Properzi,No
,Ivan Segreto,Con un gesto,2006,I. Segreto,No
,Anna Oxa,Processo a me stessa,2006,"P. Panella, A. Oxa e A. Miori",No
,Mario Venuti e Arancia Sonora,Un altro posto nel mondo,2006,M. Venuti e Kaballà,No
,Gianluca Grignani,Liberi di sognare,2006,G. Grignani,No
,Antonello,Capirò crescerai,2006,A. Carozza e S. Pietroluongo,No
,Deasonika,Non dimentico più...,2006,"M. Zanotti, W. Clemente, S. Facchi, M. Trentacoste e F. Tumminelli",No
,Virginio,Davvero,2006,V. Simonelli e P. Agosta,No
1,Simone Cristicchi,Ti regalerò una rosa,2007,S. Cristicchi,Si
2,Al Bano,Nel perdono,2007,"R. Zero, V. Incenzo, A. Paoletti e Y. Carrisi",Si
3,Piero Mazzocchetti,Schiavo d'amore,2007,G. Morra e M. Fabrizio,Si
4,Daniele Silvestri,La paranza,2007,D. Silvestri,Si
5,Mango,Chissà se nevica,2007,G. Mango e C. De Bei,Si
6,Paolo Meneguzzi,Musica,2007,"P. Meneguzzi, R. Di Bella e D. Melotti",No
7,Tosca,Il terzo fuochista,2007,"R. Mascellino, M. Venturiello e Tosca",No
8,Francesco con Roby Facchinetti,Vivere normale,2007,"S. Bertolotti, D. Calvetti, M. Ciappelli e F. Facchinetti",No
9,Zero Assoluto,Appena prima di partire,2007,"M. Maffucci, T. De Gasperi, D. Pao ed E. Sognato",No
10,Antonella Ruggiero,Canzone fra le guerre,2007,C. Carrara e A. Ruggiero,No
,Amalia Gré,Amami per sempre,2007,"A. Grezio, M. Ranauro e P. Palma",No
,Marcella e Gianni Bella,Forever per sempre,2007,Mogol e G. Bella,No
,Stadio,Guardami,2007,S. Grandi e G. Curreri,No
,Paolo Rossi,In Italia si sta male (si sta bene anziché no),2007,R. Gaetano,No
,Nada,Luna in piena,2007,N. Malanima,No
,Johnny Dorelli,Meglio così,2007,G. Calabrese e G. Ferrio,No
,Fabio Concato,Oltre il giardino,2007,F. Concato,No
,Leda Battisti,Senza me ti pentirai,2007,L. Battisti e A. Battaglia,No
,Milva,The Show Must Go On,2007,G. Faletti,No
,Velvet,Tutto da rifare,2007,"A. Sgreccia, G. Cornetta, P. Ferrantini e P. Bazzoffi",No
1,Giò Di Tonno e Lola Ponce,Colpo di fulmine,2008,G. Nannini,Si
2,Anna Tatangelo,Il mio amico,2008,L. D'Alessio,Si
3,Fabrizio Moro,Eppure mi hai cambiato la vita,2008,F. Moro,Si
4,Toto Cutugno,Un falco chiuso in gabbia,2008,S. Cutugno e D. De Marinis,Si
5,Finley,Ricordi,2008,"C. Ruggiero, D. Persoglio, M. Pedretti, S. Mantegazza e D. Calvio",Si
6,Paolo Meneguzzi,Grande,2008,"L. Panceri, P. Meneguzzo e D. Melotti",No
7,Sergio Cammariere,L'amore non si spiega,2008,R. Kunstler e S. Cammariere,No
8,Gianluca Grignani,Cammina nel sole,2008,G. Grignani,No
9,Little Tony,Non finisce qui,2008,D. Amerio,No
10,Eugenio Bennato,Grande sud,2008,E. Bennato,No
11,Mietta,Baciami adesso,2008,P. Panella e D. Ronda,No
12,Max Gazzè,Il solito sesso,2008,F. Gazzè e M. Gazzè,No
13,L'Aura,Basta!,2008,L. Abela,No
14,Frankie hi-nrg mc,Rivoluzione,2008,"F. Di Gesù, F. Bruni e C. Galbignani",No
15,Michele Zarrillo,L'ultimo film insieme,2008,G. Artegiani e M. Zarrillo,No
16,Tricarico,Vita tranquilla,2008,F. Tricarico,No
17,Tiromancino,Il rubacuori,2008,F. Zampaglione,No
18,Amedeo Minghi,Cammina cammina,2008,G. Marcucci e A. Minghi,No
19,Mario Venuti,A ferro e fuoco,2008,M. Venuti e Kaballà,No
,Loredana Bertè,Musica e parole,2008,"L. Bertè, A. Radius e O. Avogadro",No
1,Marco Carta,La forza mia,2009,P. Carta,Si
2,Povia,Luca era gay,2009,G. Povia,Si
3,Sal Da Vinci,Non riesco a farti innamorare,2009,"V. D'Agostino, L. D'Alessio e S. M. Sorrentino",Si
,Francesco Renga,Uomo senza età,2009,F. Renga e M. Zappatini,No
,Fausto Leali,Una piccola parte di te,2009,G. Fasano e F. Berlincioni,No
,Marco Masini,L'Italia,2009,M. Masini e B. Dati,No
,Patty Pravo,E io verrò un giorno là,2009,A. Cutri,No
,Alexia feat. Mario Lavezzi,Biancaneve,2009,Mogol e M. Lavezzi,No
,Al Bano,L'amore è sempre amore,2009,G. Morra e M. Fabrizio,No
,"Pupo, Paolo Belli e Youssou N'Dour",L'opportunità,2009,Mogol e E. Ghinazzi,No
,Dolcenera,Il mio amore unico,2009,"Dolcenera, S. Lanza, G. P. Ameli e O. Avogadro",No
,Gemelli DiVersi,Vivi per un miracolo,2009,"L. Aleotti, A. Merli, E. Busnaghi e F. Stranges",No
,Nicky Nicolai e Stefano Di Battista,Più sole,2009,L. Cherubini e S. Di Battista,No
,Afterhours,Il paese è reale,2009,"M. Agnelli, G. Ciccarelli, R. D'Erasmo, E. Gabrielli e G. Prette",No
,Tricarico,Il bosco delle fragole,2009,F. Tricarico,No
,Iva Zanicchi,Ti voglio senza amore,2009,F. Berlincioni e G. Fasano,No
1,Valerio Scanu,Per tutte le volte che...,2010,P. Carone,Si
2,Pupo ed Emanuele Filiberto con Luca Canonici,Italia amore mio,2010,E. Filiberto ed E. Ghinazzi,Si
3,Marco Mengoni,Credimi ancora,2010,"M. Mengoni, S. Fabiani, M. Calabrese e P. Calabrese",Si
,Noemi,Per tutta la vita,2010,D. Calvetti e M. Ciappelli,No
,Malika Ayane,Ricomincio da qui,2010,"M. Ayane, Pacifico e F. Arnò",No
,Irene Fornaciari feat. Nomadi,Il mondo piange,2010,"A. Fornaciari, D. Dattoli e I. Fornaciari",No
,Simone Cristicchi,Meno male,2010,"S. Cristicchi, F. Di Gesù, E. Marcelli e A. Canini",No
,Irene Grandi,La cometa di Halley,2010,F. Bianconi e I. Grandi,No
,Arisa,Malamorenò,2010,G. Anastasi,No
,Povia,La verità,2010,G. Povia,No
,Enrico Ruggeri,La notte delle fate,2010,E. Ruggeri,No
,Fabrizio Moro,Non è una canzone,2010,F. Mobrici,No
,Nino D'Angelo con Maria Nazionale,Jammo jà[26],2010,N. D'Angelo,No
,Sonohra,Baby,2010,R. Tini e D. Fainello,No
,Toto Cutugno,Aeroplani,2010,"T. Cutugno, C. Romano e S. Iodice",No
1,Roberto Vecchioni,Chiamami ancora amore,2011,R. Vecchioni,Si
2,Modà con Emma,Arriverà,2011,"F. Silvestre, E. Zapparoli e E. Palmosi",Si
3,Al Bano,Amanda è libera,2011,"F. Berlincioni, A. Carrisi e A. Paoletti",Si
4,Davide Van De Sfroos,Yanez[22],2011,D. Bernasconi,Si
5,Luca Madonia con Franco Battiato,L'alieno,2011,L. Madonia,Si
6,La Crus,Io confesso,2011,M. E. Giovanardi e M. Curallo,No
7,Nathalie,Vivo sospesa,2011,N. Giannitrapani,No
8,Luca Barbarossa e Raquel del Rosario,Fino in fondo,2011,L. Barbarossa,No
9,Anna Tatangelo,Bastardo,2011,"V. D'Agostino, A. Tatangelo e G. D'Alessio",No
10,Giusy Ferreri,Il mare immenso,2011,"Bungaro, G. Ferreri e M. Calò",No
,Max Pezzali,Il mio secondo tempo,2011,M. Pezzali,No
,Tricarico,Tre colori,2011,F. Mesolella,No
,Anna Oxa,La mia anima d'uomo,2011,"L. Imerico, A. Oxa e R. Pacco",No
,Patty Pravo,Il vento e le rose,2011,D. Calvetti e M. Ciappelli,No
1,Emma,Non è l'inferno,2012,"F. Silvestre, L. Sala e E. Palmosi",Si
2,Arisa,La notte,2012,G. Anastasi,Si
3,Noemi,Sono solo parole,2012,F. Moro,Si
4,Gigi D'Alessio e Loredana Bertè,Respirare,2012,L. D'Alessio e V. D'Agostino,Si
5,Pierdavide Carone e Lucio Dalla,Nanì,2012,P. Carone e L. Dalla,Si
6,Dolcenera,Ci vediamo a casa,2012,Dolcenera,No
7,Nina Zilli,Per sempre,2012,R. Casalino e N. Zilli,No
8,Francesco Renga,La tua bellezza,2012,"F. Renga, D. Mancino e D. Faini",No
9,Samuele Bersani,Un pallone,2012,S. Bersani,No
10,Eugenio Finardi,E tu lo chiami Dio,2012,R. Di Lorenzo,No
,Matia Bazar,Sei tu,2012,"P. Cassano, G. Golzi e F. Perversi",No
,Chiara Civello,Al posto del mondo,2012,C. Civello e D. Tejera,No
,Irene Fornaciari,Grande mistero,2012,D. Van De Sfroos,No
,Marlene Kuntz,Canzone per un figlio,2012,"C. Godano, R. Tesio e L. Bergia",No
1,Marco Mengoni,L'essenziale,2013,"R. Casalino, M. Mengoni e F. De Benedittis",Si
2,Elio e le Storie Tese,La canzone mononota,2013,"S. Belisari, S. Conforti, D. L. Civaschi e N. Fasani",Si
3,Modà,Se si potesse non morire,2013,F. Silvestre,Si
4,Malika Ayane,E se poi,2013,G. Sangiorgi,Si
5,Raphael Gualazzi,Sai (ci basta un sogno),2013,R. Gualazzi,Si
6,Daniele Silvestri,A bocca chiusa,2013,D. Silvestri,No
7,Max Gazzè,Sotto casa,2013,"F. Gazzè, M. Gazzè e F. De Benedittis",No
8,Chiara,Il futuro che sarà,2013,"F. Bianconi, L. Chiaravalli e L. Gonzalez Alea",No
9,Annalisa,Scintille,2013,D. Faini e A. Galbiati,No
10,Maria Nazionale,È colpa mia,2013,G. Servillo e F. Mesolella,No
11,Simone Cristicchi,La prima volta (che sono morto),2013,S. Cristicchi e L. Pari,No
12,Marta sui Tubi,Vorrei,2013,"G. Gulino, M. Boschi, C. Pipitone, P. Pischedda e I. Paolini",No
13,Simona Molinari con Peter Cincotti,La felicità,2013,"S. Molinari, M. Vultaggio, P. Cincotti e C. Avarello",No
14,Almamegretta,Mamma non lo sa,2013,"G. Della Volpe, P. Polcari e G. Tesone",No
,Marco Mengoni,Bellissimo,2013,"G. Nannini, Pacifico e D. Tagliapietra",No
,Modà,Come l'acqua dentro il mare,2013,F. Silvestre,No
,Elio e le Storie Tese,Dannati forever,2013,"S. Belisari, S. Conforti, D. L. Civaschi e N. Fasani",No
,Marta sui Tubi,Dispari,2013,"G. Gulino, M. Boschi, C. Pipitone, P. Pischedda e I. Paolini",No
,Simona Molinari con Peter Cincotti,Dr. Jekyll Mr. Hyde,2013,L. Luttazzi e A. Zeppieri,No
,Max Gazzè,I tuoi maledettissimi impegni,2013,"F. Gazzè, M. Gazzè, e M. Buzzanca",No
,Daniele Silvestri,Il bisogno di te (ricatto d'onor),2013,D. Silvestri,No
,Chiara,L'esperienza dell'amore,2013,F. Zampaglione e D. Zampaglione,No
,Simone Cristicchi,Mi manchi,2013,"S. Cristicchi, F. Di Salvo e R. Pacco",No
,Malika Ayane,Niente,2013,G. Sangiorgi,No
,Annalisa,Non so ballare,2013,E. Meta,No
,Almamegretta,Onda che vai,2013,F. Zampaglione e D. Zampaglione,No
,Maria Nazionale,Quando non parlo,2013,E. Gragnaniello,No
,Raphael Gualazzi,Senza ritegno,2013,R. Gualazzi,No
1,Arisa,Controvento,2014,G. Anastasi,Si
2,Raphael Gualazzi & The Bloody Beetroots,Liberi o no,2014,"R. Gualazzi, B. Rifo, L. Beccafichi",Si
3,Renzo Rubino,Ora,2014,"R. Rubino, A. Rodini",Si
4,Francesco Renga,Vivendo adesso,2014,E. Toffoli,Si
5,Noemi,Bagnati dal sole,2014,"Noemi, C. Ailin, R. Frenneaux",Si
6,Perturbazione,L'unica,2014,"T. Cerasuolo, G. Giancursi, R. Lo Mele, A. Baracco, E. Diana, C. Lo Mele",No
7,Cristiano De André,Il cielo è vuoto,2014,"D. Mancino, C. De André, D. Faini",No
8,Frankie hi-nrg mc,Pedala,2014,"F. Di Gesú, C. Galbignani, L. Beccafichi",No
9,Giusy Ferreri,Ti porto a cena con me,2014,"R. Casalino, D. Faini",No
10,Francesco Sarcina,Nel tuo sorriso,2014,F. Sarcina,No
11,Giuliano Palma,Così lontano,2014,"N. Zilli, M. Ciappelli, A. Flora",No
12,Antonella Ruggiero,Da lontano,2014,"A. Ruggiero, A. Graziano, A. Rossi, R. Colombo",No
13,Ron,Sing in the rain,2014,"Ron, M. Del Forno",No
,Riccardo Sinigallia,Prima di andare via,2014,"F. Gatti, R. Sinigallia",No
,Francesco Renga,A un isolato da te,2014,R. Casalino,No
,Francesco Sarcina,In questa città,2014,F. Sarcina,No
,Cristiano De André,Invisibili,2014,"F. Ferraboschi, C. De André",No
,Giusy Ferreri,L'amore possiede il bene,2014,"R. Casalino, N. Verrienti",No
,Perturbazione,L'Italia vista dal bar,2014,"T. Cerasuolo, G. Giancursi, R. Lo Mele, A. Baracco, E. Diana, C. Lo Mele",No
,Arisa,Lentamente (Il primo che passa),2014,"C. Donà, R. Pippa, S. Lanza",No
,Renzo Rubino,Per sempre e poi basta,2014,"R. Rubino, A. Rodini",No
,Antonella Ruggiero,Quando balliamo,2014,"S. Lenzi, A. Ruggiero, R. Colombo",No
,Raphael Gualazzi & The Bloody Beetroots,Tanto ci sei,2014,"G. Sangiorgi, R. Gualazzi, B. Rifo",No
,Giuliano Palma,Un bacio crudele,2014,"C. Valli, G. Palma, F. Merigo",No
,Noemi,Un uomo è un albero,2014,"Noemi, D. Mancino, D. Faini",No
,Frankie hi-nrg mc,Un uomo è vivo,2014,"F. Di Gesú, C. Galbignani, L. Beccafichi",No
,Ron,Un abbraccio unico,2014,Ron,No
,Riccardo Sinigallia,Una rigenerazione,2014,"F. Gatti, R. Sinigallia",No
1,Il Volo,Grande amore,2015,F. Boccia e C. Esposito,Si
2,Nek,Fatti avanti amore,2015,"Nek, L. Chiaravalli, A. Bonomo e G. Fazio",Si
3,Malika Ayane,Adesso e qui (nostalgico presente),2015,"M. Ayane, Pacifico, G. Caccamo e A. Flora",Si
4,Annalisa,Una finestra tra le stelle,2015,F. Silvestre,Si
5,Chiara,Straordinario,2015,E. Meta e G. Pollex,Si
6,Marco Masini,Che giorno è,2015,"M. Masini, F. Camba e D. Coro",No
7,Dear Jack,Il mondo esplode tranne noi,2015,P. Romitelli e D. Simonetta,No
8,Gianluca Grignani,Sogni infranti,2015,G. Grignani,No
9,Nina Zilli,Sola,2015,N. Zilli,No
10,Lorenzo Fragola,Siamo uguali,2015,"L. Fragola, Fedez e F. Cogliati",No
11,Alex Britti,Un attimo importante,2015,A. Britti,No
12,Irene Grandi,Un vento senza nome,2015,I. Grandi e S. Lanza,No
13,Nesli,Buona fortuna amore,2015,Nesli e Brando,No
14,Bianca Atzei,Il solo al mondo,2015,F. Silvestre,No
15,Moreno,Oggi ti parlo così,2015,"M. Donadoni, R. Casalino, M. Dagani, A. Erba e M. Zangirolami",No
16,Grazia Di Michele e Mauro Coruzzi,Io sono una finestra,2015,G. Di Michele e R. Petrangeli,No
,Anna Tatangelo,Libera,2015,F. Silvestre ed E. Palmosi,No
,Raf,Come una favola,2015,"R. Riefoli, S. Grandi e E. Cecere",No
,Biggio e Mandelli,Vita d'inferno,2015,"F. Biggio, M. Ferro e F. Mandelli",No
,Lara Fabian,Voce,2015,"C. Cremonini, L. Fabian e F. Zanotti",No
1,Stadio,Un giorno mi dirai,2016,"S. Grandi, G. Curreri e L. Chiaravalli",Si
2,Francesca Michielin,Nessun grado di separazione,2016,"F. Michielin, F. Abbate, Cheope e F. Gargiulo",Si
3,Giovanni Caccamo e Deborah Iurato,Via da qui,2016,G. Sangiorgi,Si
4,Enrico Ruggeri,Il primo amore non si scorda mai,2016,E. Ruggeri,Si
5,Lorenzo Fragola,Infinite volte,2016,"L. Fragola, A. Filippelli, F. Ferraguzzo, R. L. Di Benedetto e R. Canale",Si
6,Patty Pravo,Cieli immensi,2016,F. Zampaglione,No
7,Clementino,Quando sono lontano,2016,"C. Maccaro, K. Scherer e V. Stein",No
8,Noemi,La borsa di una donna,2016,"M. Masini, M. Adami e A. Iammarino",No
9,Rocco Hunt,Wake Up,2016,"R. Pagliarulo, S. Benussi e V. Catanzaro",No
10,Arisa,Guardando il cielo,2016,G. Anastasi,No
11,Annalisa,Il diluvio universale,2016,D. Calvetti e A. Scarrone,No
12,Elio e le Storie Tese,Vincere l'odio,2016,"S. Belisari, S. Conforti, D. Civaschi e N. Fasani",No
13,Valerio Scanu,Finalmente piove,2016,F. Moro,No
14,Alessio Bernabei,Noi siamo infinito,2016,"R. Casalino, I. Amatucci, e D. Faini",No
15,Dolcenera,Ora o mai più (le cose cambiano),2016,Dolcenera e Finaz,No
16,Irene Fornaciari,Blu,2016,"G. Dati, I. Fornaciari, M. Fontana e D. Calvetti",No
,Bluvertigo,Semplicemente,2016,M. Castoldi,No
,Dear Jack,Mezzo respiro,2016,"R. Balbo, S. Paviani, L. Riflessi e C. Corradini",No
,Neffa,Sogni e nostalgia,2016,G. Pellino,No
,Zero Assoluto,Di me e di te,2016,"T. De Gasperi, A. Filippelli, M. Maffucci e L. Vicini",No
1,Francesco Gabbani,Occidentali's Karma,2017,"F. Ilacqua, F. Gabbani e L. Chiaravalli",Si
2,Fiorella Mannoia,Che sia benedetta,2017,Amara e S. Mineo,Si
3,Ermal Meta,Vietato morire,2017,E. Meta,Si
4,Michele Bravi,Il diario degli errori,2017,"Cheope, F. Abbate e G. Anastasi",Si
5,Paola Turci,Fatti bella per te,2017,"G. Anania, L. Chiaravalli, D. Simonetta e P. Turci",Si
6,Sergio Sylvestre,Con te,2017,"Giorgia Todrani, S. Sylvestre e S. Maiuolo",No
7,Fabrizio Moro,Portami via,2017,F. Mobrici e R. Cardelli,No
8,Elodie,Tutta colpa mia,2017,"E. Marrone, O. Angiuli, G. Pollex e F. Cianciola",No
9,Bianca Atzei,Ora esisti solo tu,2017,F. Silvestre,No
10,Samuel,Vedrai,2017,"Samuel, C. Rigano e R. Onori",No
11,Michele Zarrillo,Mani nelle mani,2017,M. Zarrillo e G. Artegiani,No
12,Lodovica Comello,Il cielo non mi basta,2017,"A. Di Martino, F. Abbate, D. Faini e F. Ferraguzzo",No
13,Marco Masini,Spostato di un secondo,2017,"M. Masini, Zibba e D. Calvetti",No
14,Chiara,Nessun posto è casa mia,2017,N. Verrienti e C. Verrienti,No
15,Alessio Bernabei,Nel mezzo di un applauso,2017,"R. Casalino, Dardust e V. Casagrande",No
16,Clementino,Ragazzi fuori,2017,"C. Maccaro, F. Rizzo, P. M. Lombroni Capalbo e S. Tognini",No
,Al Bano,Di rose e di spine,2017,"M. Fabrizio, A. Carrisi e K. Astarita",No
,Gigi D'Alessio,La prima stella,2017,G. D'Alessio,No
,Giusy Ferreri,Fa talmente male,2017,"R. Casalino, Takagi, Ketra e P. Catalano",No
,Ron,L'ottava meraviglia,2017,"M. Del Forno, Ron, E. Mangia e F. Caprara",No
,Nesli & Alice Paba,Do retta a te,2017,Nesli e Brando,No
,Raige e Giulia Luzi,Togliamoci la voglia,2017,"L. Chiaravalli, A. Iammarino, A. Vella e Zibba",No
1,Ermal Meta e Fabrizio Moro,Non mi avete fatto niente,2018,"E. Meta, F. Mobrici e A. Febo",Si
2,Lo Stato Sociale,Una vita in vacanza,2018,"A. Cazzola, F. Draicchio, L. Guenzi, A. Guidetti, E. Roberto e M. Romagnoli",Si
3,Annalisa,Il mondo prima di te,2018,"Annalisa, D. Simonetta e A. Raina",Si
4,Ron,Almeno pensami,2018,L. Dalla,Si
5,Ornella Vanoni con Bungaro e Pacifico,Imparare ad amarsi,2018,"Bungaro, Pacifico, C. Chiodo e A. Fresa",Si
,Max Gazzè,La leggenda di Cristalda e Pizzomunno,2018,"F. Gazzè, M. Gazzè e F. De Benedittis",No
7,Luca Barbarossa,Passame er sale,2018,L. Barbarossa,No
8,Diodato e Roy Paci,Adesso,2018,A. Diodato,No
9,The Kolors,"Frida (mai, mai, mai)",2018,"D. Petrella, Dardust, A. Raina e Stash",No
10,Giovanni Caccamo,Eterno,2018,G. Caccamo e Cheope,No
11,Le Vibrazioni,Così sbagliato,2018,"F. Sarcina, L. Chiaravalli, A. Bonomo e D. Simonetta",No
12,Enzo Avitabile con Peppe Servillo,Il coraggio di ogni giorno,2018,V. Avitabile e Pacifico,No
13,Renzo Rubino,Custodire,2018,R. Rubino,No
14,Noemi,Non smettere mai di cercarmi,2018,"M. Pelan, Noemi, D. Calvetti e F. De Martino",No
15,Red Canzian,Ognuno ha il suo racconto,2018,M. Porru e R. Canzian,No
16,Decibel,Lettera dal Duca,2018,"E. Ruggeri, F. Muzio e S. Capeccia",No
17,Nina Zilli,Senza appartenere,2018,"G. Angi, A. Iammarino e N. Zilli",No
18,Roby Facchinetti e Riccardo Fogli,Il segreto del tempo,2018,Pacifico e R. Facchinetti,No
19,Mario Biondi,Rivederti,2018,"M. Biondi, G. Furnari e D. Fisicaro",No
20,Elio e le Storie Tese,Arrivedorci,2018,"S. Belisari, S. Conforti, D. Civaschi e N. Fasani",No
1,Mahmood,Soldi,2019,Mahmood,Si
2,Ultimo,I tuoi particolari,2019,Ultimo,Si
3,Il Volo,Musica che resta,2019,"G. Nannini, E. Munda, P. Romitelli, P. Mammaro e A. Carozza",Si
4,Loredana Bertè,Cosa ti aspetti da me,2019,"G. Curreri, G. Pulli e P. Romitelli",Si
5,Simone Cristicchi,Abbi cura di me,2019,"S. Cristicchi, N. Brunialti e G. Ortenzi",Si
6,Daniele Silvestri,Argentovivo,2019,"D. Silvestri, T. Iurcich, F. Rondanini e M. Agnelli",No
7,Irama,La ragazza con il cuore di latta,2019,"Irama, G. Colonnelli, A. Debernardi e G. Nenna",No
8,Arisa,Mi sento bene,2019,"M. Buzzanca, L. Vizzini, R. Pippa e A. Flora",No
9,Achille Lauro,Rolls Royce,2019,"A. Lauro, D. Petrella, D. Dezi, D. Mungai e Boss Doms",No
10,Enrico Nigiotti,Nonno Hollywood,2019,E. Nigiotti,No
11,Boomdabash,Per un milione,2019,"F. Abbate, R. Pagliarulo, A. Rapetti, A. Cisternino, A. Merli e F. Clemente",No
12,Ghemon,Rose viola,2019,Ghemon e Zef,No
13,Ex-Otago,Solo una canzone,2019,"M. Carucci, S. Bertuccini, F. Bacci, O. Martellacci e R. Bouchabla",No
14,Motta,Dov'è l'Italia,2019,F. Motta,No
15,Francesco Renga,Aspetto che torni,2019,"Bungaro, F. Renga, C. Chiodo, Rakele e G. Runco",No
16,Paola Turci,L'ultimo ostacolo,2019,"P. Turci, L. Chiaravalli, S. Marletta ed E. Roberts",No
17,The Zen Circus,L'amore è una dittatura,2019,"A. Appino, G. P. Cuccuru e M. Schiavelli",No
18,Federica Carta e Shade,Senza farlo apposta,2019,"Shade, J. Ettorre, Jaro",No
19,Nek,Mi farò trovare pronto,2019,"Nek, P. Antonacci e L. Chiaravalli",No
20,Negrita,I ragazzi stanno bene,2019,"P. Bruni, C. Petricich, E. Salvi, F. Barbacci, L. Cilembrini e G. Gagliano",No
21,Patty Pravo con Briga,Un po' come la vita,2019,"M. Rettani, D. Calvetti, Zibba, Briga e L. Leonori",No
22,Anna Tatangelo,Le nostre anime di notte,2019,L. Vizzini,No
23,Einar,Parole nuove,2019,"A. Maiello, E. Palmosi e N. Marotta",No
24,Nino D'Angelo e Livio Cori,Un'altra luce,2019,"L. Cori, N. D'Angelo, F. Fogliano, M. Dagani, G. Fracchiolla",No
1,Diodato,Fai rumore,2020,Diodato e E. Roberts,Si
2,Francesco Gabbani,Viceversa,2020,F. Gabbani e Pacifico,Si
3,Pinguini Tattici Nucleari,Ringo Starr,2020,R. Zanotti,Si
4,Le Vibrazioni,Dov'è,2020,"R. Casalino, D. Simonetta e F. Sarcina",Si
5,Piero Pelù,Gigante,2020,P. Pelù e L. Chiaravalli,Si
6,Tosca,Ho amato tutto,2020,P. Cantarelli,No
7,Elodie,Andromeda,2020,Mahmood e Dardust,No
8,Achille Lauro,Me ne frego,2020,"A. Lauro, D. Petrella, D. Dezi, D. Mungai, M. Ciceroni ed E. Manozzi",No
9,Irene Grandi,Finalmente io,2020,"V. Rossi, R. Casini, A. Righi e G. Curreri",No
10,Rancore,Eden,2020,Rancore e Dardust,No
11,Raphael Gualazzi,Carioca,2020,"R. Gualazzi, D. Petrella e D. Pavanello",No
12,Levante,Tikibombom,2020,Levante,No
13,Anastasio,Rosso di rabbia,2020,"Anastasio, L. Serventi, M. Azara e S. Tartaglini",No
14,Alberto Urso,Il sole ad est,2020,P. Romitelli e G. Pulli,No
15,Marco Masini,Il confronto,2020,"M. Masini, F. Camba e D. Coro",No
16,Paolo Jannacci,Voglio parlarti adesso,2020,"A. Bonomo, P. Jannacci, E. Bassi e M. Bassi",No
17,Rita Pavone,Niente (Resilienza 74),2020,G. Merk,No
18,Michele Zarrillo,Nell'estasi o nel fango,2020,V. Parisse e M. Zarrillo,No
19,Enrico Nigiotti,Baciami adesso,2020,E. Nigiotti,No
20,Giordana Angi,Come mia madre,2020,G. Angi e M. Finotti,No
21,Elettra Lamborghini,Musica (e il resto scompare),2020,M. Canova Iorfida e D. Petrella,No
22,Junior Cally,No grazie,2020,"J. Cally, J. Ettorre, F. Mercuri, G. Cremona, E. Maimone e L. Grillotti",No
23,Riki,Lo sappiamo entrambi,2020,R. Marcuzzo e R. Scirè,No
,Bugo e Morgan,Sincero,2020,"Bugo, Morgan, A. Bonomo e S. Bertolotti",No
1,Måneskin,Zitti e buoni,2021,"D. David, T. Raggi, V. De Angelis e E. Torchio",Si
2,Francesca Michielin e Fedez,Chiamami per nome,2021,"F. Michielin, Fedez, J. D'Amico, A. Mahmoud, A. Raina e D. Simonetta",Si
3,Ermal Meta,Un milione di cose da dirti,2021,E. Meta e R. Cardelli,Si
4,Colapesce Dimartino,Musica leggerissima,2021,Colapesce e DiMartino,Si
5,Irama[20],La genesi del tuo colore,2021,"Irama, Dardust e G. Nenna",Si
6,Willie Peyote,Mai dire mai (la locura),2021,"W. Peyote, C. Cavalieri D'Oro, D. Bestonzo e G. Petrelli",No
7,Annalisa,Dieci,2021,"Annalisa, D. Simonetta, P. Antonacci e J. D'Amico",No
8,Madame,Voce,2021,"Madame, Dardust e E. Botta",No
9,Orietta Berti,Quando ti sei innamorato,2021,"F. Boccia, C. Esposito e M. Rettani",No
10,Arisa,Potevi fare di più,2021,G. D'Alessio,No
11,La Rappresentante di Lista,Amare,2021,"V. Lucchesi, D. Mangiaracina, Dardust e R. Cammarata",No
12,Extraliscio feat. Davide Toffolo,Bianca luce nera,2021,"M. Mariani, Pacifico e E. Sgarbi",No
13,Lo Stato Sociale,Combat pop,2021,"A. Cazzola, F. Draicchio, J. Ettorre, L. Guenzi, A. Guidetti, E. Roberto e M. Romagnoli",No
14,Noemi,Glicine,2021,"Tattroli[22], G. Lubrano, D. Faini e F. Fugazza",No
15,Malika Ayane,Ti piaci così,2021,"M. Ayane, Pacifico, A. Flora e R. Rampino",No
16,Fulminacci,Santa Marinella,2021,Fulminacci,No
17,Max Gazzè,Il farmacista,2021,"F. Gazzè, M. Gazzè e F. De Benedittis",No
18,Fasma,Parlami,2021,Fasma e L. Zammarano,No
19,Gaia,Cuore amaro,2021,"Gaia, J. Ettorre, G. Spedicato e D. Dezi",No
20,Coma_Cose,Fiamme negli occhi,2021,"F. Zanardelli, F. Mesiano, F. Dalè e C. Frigerio",No
21,Ghemon,Momento perfetto,2021,"Ghemon, S. Privitera, G. Seccia e D. Raciti",No
22,Francesco Renga,Quando trovo te,2021,"F. Renga, R. Casalino e Dardust",No
23,Gio Evan,Arnica,2021,G. Evan e F. Catitti,No
24,Bugo,E invece sì,2021,"Bugo, A. Bonomo e S. Bertolotti",No
25,Aiello,Ora,2021,Aiello,No
26,Random,Torno a te,2021,Random e Zenit,No
1,Mahmood e Blanco,Brividi,2022,"Mahmood, Blanco e Michelangelo",Si
2,Elisa,O forse sei tu,2022,Elisa e D. Petrella,Si
3,Gianni Morandi,Apri tutte le porte,2022,L. Jovanotti e R. Onori,Si
4,Irama,Ovunque sarai,2022,"Irama, G. Nenna, Shablo, V. L. Faraone e G. Colonnelli",Si
5,Sangiovanni,Farfalle,2022,"Sangiovanni, A. La Cava e S. Tognini",Si
6,Emma,Ogni volta è così,2022,"D. Petrella, Emma e D. Faini",No
7,La Rappresentante di Lista,Ciao ciao,2022,"V. Lucchesi, D. Mangiaracina, R. Calabrese, R. Cammarata, C. Drago e S. Privitera",No
8,Massimo Ranieri,Lettera di là dal mare,2022,F. Ilacqua,No
9,Dargen D'Amico,Dove si balla,2022,"D. D'Amico, E. Roberts, G. Fazio e A. Bonomo",No
10,Michele Bravi,Inverno dei fiori,2022,"A. A. Vella, M. Bravi, Cheope, F. Catitti e F. Abbate",No
11,Matteo Romano,Virale,2022,"M. Romano, A. La Cava, F. Rossi e D. Faini",No
12,Fabrizio Moro,Sei tu,2022,F. Mobrici e R. Cardelli,No
13,AKA 7even,Perfetta così,2022,"AKA 7even, V. Colella, M. E. Kleinschmidt, G. Vizzi e R. L. Patriarca",No
14,Achille Lauro con Harlem Gospel Choir,Domenica,2022,"A. Lauro, S. P. Manzari, D. Petrella, M. Ciceroni, M. Cutolo e G. Calculli",No
15,Noemi,Ti amo non lo so dire,2022,"A. La Cava, Mahmood e D. Faini",No
16,Ditonellapiaga e Rettore,Chimica,2022,"Ditonellapiaga, Rettore, A. Casagni, B. Ventura, E. Castroni e V. Smordoni",No
17,Rkomi,Insuperabile,2022,"Rkomi, A. La Cava e F. Catitti",No
18,Iva Zanicchi,Voglio amarti,2022,"E. Di Stefano, V. Mercurio, I. Ianne e C. Valli",No
19,Giovanni Truppi,"Tuo padre, mia madre, Lucia",2022,"G. Truppi, N. Contessa, Pacifico, M. Buccelli e G. Pallotti",No
20,Highsnob e Hu,Abbi cura di te,2022,"Highsnob, Hu, A. Moroni, F. De Marco e F. Musumeci",No
21,Yuman,Ora e qui,2022,"T. Di Giulio, F. Cataldo e Yuman",No
22,Le Vibrazioni,Tantissimo,2022,"R. Casalino, F. Sarcina e N. Verrienti",No
23,Giusy Ferreri,Miele,2022,"D. Petrella, F. Abbate, F. Clemente e A. Merli",No
24,Ana Mena,Duecentomila ore,2022,"R. Hunt, F. Abbate e S. Tognini",No
25,Tananai,Sesso occasionale,2022,"Tananai, D. Simonetta, P. Antonacci e A. Raina",No
1,Marco Mengoni,Due vite,2023,"M. Mengoni, D. Petrella e D. Simonetta",Si
2,Lazza,Cenere,2023,"Lazza, D. Petrella e Dardust",Si
3,Mr. Rain,Supereroi,2023,"Mr. Rain, F. Abbate e L. Vizzini",Si
4,Ultimo,Alba,2023,Ultimo,Si
5,Tananai,Tango,2023,"Tananai, P. Antonacci, A. Raina e D. Simonetta",Si
6,Giorgia,Parole dette male,2023,"A. Bianco, F. Roccati, M. Dagani e M. M. G. Fracchiolla",No
7,Madame,Il bene nel male,2023,"Madame, N. Biasin e I. Sinigaglia",No
8,Rosa Chemical,Made in Italy,2023,"Rosa Chemical, P. Antonacci, O. Inglese e D. Simonetta",No
9,Elodie,Due,2023,"Elodie, F. Abbate, J. Ettorre e F. Catitti",No
10,Colapesce Dimartino,Splash,2023,Colapesce e Dimartino,No
11,Modà,Lasciami,2023,F. Silvestre e E. Palmosi,No
12,Gianluca Grignani,Quando ti manca il fiato,2023,G. Grignani ed E. Melozzi,No
13,Coma_Cose,L'addio,2023,"F. Zanardelli, F. Mesiano, F. Dalè e C. Frigerio",No
14,Ariete,Mare di guai,2023,"Ariete, Calcutta, Dardust e V. Centrella",No
15,LDA,Se poi domani,2023,"LDA, F. D'Alessio e A. Caiazza",No
16,Articolo 31,Un bel viaggio,2023,"J-Ax, Grido, F. Abbate, DJ Jad, Wlady, A. Colangelo e D. Silvestri",No
17,Paola & Chiara,Furore,2023,"J. Ettorre, A. La Cava, P. Iezzi, C. Iezzi, F. Mercuri, G. Cremona, L. Grillotti ed E. Maimone",No
18,Leo Gassmann,Terzo cuore,2023,"R. Zanotti, L. Gassmann, G. Pesenti e M. Paganelli",No
19,Mara Sattei,Duemilaminuti,2023,"D. David, D. Mattei ed E. Brun",No
20,Colla Zio,Non mi va,2023,"T. Bernasconi, T. Manzoni, A. Arminio, A. Malatesta, F. Lamperti e G. Pesenti",No
21,Cugini di Campagna,Lettera 22,2023,"V. Lucchesi, D. Mangiaracina e F. Gargiulo",No
22,Gianmaria,Mostro,2023,"Gianmaria, G. Manilardi, V. Petrozzino, A. Filippelli e V. Centrella",No
23,Levante,Vivo,2023,Levante,No
24,Olly,Polvere,2023,"Olly, E. Lovito e J. Boverod",No
25,Anna Oxa,Sali (canto dell'anima),2023,"A. Oxa, F. Bianconi, Kaballà e F. Zanotti",No
26,Will,Stupido,2023,"Will, S. Cremonini e A. Pugliese",No
27,Shari,Egoista,2023,"Shari, M. Pisciottu, L. Fenudi e R. Puddu",No
28,Sethu,Cause perse,2023,M. De Lauri e G. De Lauri,No
